graph_id,evidence_level,selected_in_analysis_3,n_nodes,D1_target_degree,D2_neighbor_coupling,D3_remote_class,S2_count,e12,e22,radius,mean_js_all_pairs,min_js_all_pairs,mean_tv_all_pairs,exact_vs_rho_js,rho_vs_star_js,star_vs_cluster_js,exact_vs_star_js,cluster_vs_exact_js,M0_vs_nonlocal_mean_js
RG001,high,False,5,4,0,D3-0:no-remote,0,0,0,1,0.000895,0.0,0.015957,0.0,0.0,0.0,0.0,0.0,0.000537
RG001,medium,False,5,4,0,D3-0:no-remote,0,0,0,1,0.000174,0.0,0.008468,0.0,0.0,0.0,0.0,0.0,0.000104
RG001,low,False,5,4,0,D3-0:no-remote,0,0,0,1,1.2e-05,0.0,0.002332,0.0,0.0,0.0,0.0,0.0,7e-06
RG002,high,False,5,4,1,D3-0:no-remote,0,0,0,1,0.014593,0.0,0.099814,0.013406,0.005816,0.03581,0.03581,0.0,0.017123
RG002,medium,False,5,4,1,D3-0:no-remote,0,0,0,1,0.000889,0.0,0.029802,0.000354,0.000742,0.002119,0.002119,0.0,0.00123
RG002,low,False,5,4,1,D3-0:no-remote,0,0,0,1,1.1e-05,0.0,0.003723,3e-06,8e-06,1.9e-05,1.9e-05,0.0,1.6e-05
RG003,high,True,5,4,2,D3-0:no-remote,0,0,0,1,0.016403,0.0,0.10961,0.019372,0.005751,0.038339,0.038339,0.0,0.017943
RG003,medium,True,5,4,2,D3-0:no-remote,0,0,0,1,0.001004,0.0,0.031735,0.000699,0.000649,0.002375,0.002375,0.0,0.0013
RG003,low,True,5,4,2,D3-0:no-remote,0,0,0,1,1.5e-05,0.0,0.004165,6e-06,8e-06,2.7e-05,2.7e-05,0.0,2e-05
RG004,high,False,5,4,3,D3-0:no-remote,0,0,0,1,0.013886,0.0,0.135589,0.002838,0.01466,0.030163,0.030163,0.0,0.015496
RG004,medium,False,5,4,3,D3-0:no-remote,0,0,0,1,0.004061,0.0,0.070194,0.001664,0.003137,0.009345,0.009345,0.0,0.004468
RG004,low,False,5,4,3,D3-0:no-remote,0,0,0,1,2.7e-05,0.0,0.005729,1e-05,1.6e-05,5.2e-05,5.2e-05,0.0,2.5e-05
RG005,high,False,5,4,3,D3-0:no-remote,0,0,0,1,0.029744,0.0,0.1603,0.029266,0.015297,0.069185,0.069185,0.0,0.032794
RG005,medium,False,5,4,3,D3-0:no-remote,0,0,0,1,0.002545,0.0,0.051874,0.001313,0.002247,0.006146,0.006146,0.0,0.003279
RG005,low,False,5,4,3,D3-0:no-remote,0,0,0,1,2.4e-05,0.0,0.005249,1e-05,2e-05,5.4e-05,5.4e-05,0.0,3.3e-05
RG006,high,False,5,4,4,D3-0:no-remote,0,0,0,1,0.02972,0.0,0.157562,0.024245,0.013972,0.07174,0.07174,0.0,0.033308
RG006,medium,False,5,4,4,D3-0:no-remote,0,0,0,1,0.002557,0.0,0.052326,0.000698,0.002776,0.006245,0.006245,0.0,0.003447
RG006,low,False,5,4,4,D3-0:no-remote,0,0,0,1,2.4e-05,0.0,0.005072,4e-06,2.7e-05,5.1e-05,5.1e-05,0.0,3.4e-05
RG007,high,False,5,4,2,D3-0:no-remote,0,0,0,1,0.02692,0.0,0.147744,0.022047,0.012849,0.065694,0.065694,0.0,0.031068
RG007,medium,False,5,4,2,D3-0:no-remote,0,0,0,1,0.002355,0.0,0.049995,0.000899,0.002152,0.00582,0.00582,0.0,0.003132
RG007,low,False,5,4,2,D3-0:no-remote,0,0,0,1,2.1e-05,0.0,0.004888,6e-06,1.9e-05,4.7e-05,4.7e-05,0.0,2.9e-05
RG008,high,False,5,3,2,D3-1:tree-like-remote,1,1,0,2,0.08049,0.0,0.324814,0.019594,0.146403,0.256285,0.256285,0.0,0.058866
RG008,medium,False,5,3,2,D3-1:tree-like-remote,1,1,0,2,0.010839,0.0,0.117174,0.001416,0.023805,0.036576,0.036576,0.0,0.007391
RG008,low,False,5,3,2,D3-1:tree-like-remote,1,1,0,2,0.000373,0.0,0.020596,2.6e-05,0.000963,0.001304,0.001304,0.0,0.000212
RG009,high,False,5,3,2,D3-2:strong-remote,1,2,0,2,0.070912,0.001568,0.305716,0.014114,0.180596,0.108706,0.280758,0.04848,0.049244
RG009,medium,False,5,3,2,D3-2:strong-remote,1,2,0,2,0.010871,0.000377,0.11625,0.000451,0.032012,0.025441,0.039337,0.001858,0.007624
RG009,low,False,5,3,2,D3-2:strong-remote,1,2,0,2,0.000452,1e-06,0.022163,1e-06,0.001393,0.001447,0.001403,3e-06,0.000284
RG010,high,False,5,3,1,D3-1:tree-like-remote,1,1,0,2,0.056395,0.0,0.268667,0.016228,0.102527,0.190406,0.190406,0.0,0.036695
RG010,medium,False,5,3,1,D3-1:tree-like-remote,1,1,0,2,0.006573,0.0,0.086098,0.00056,0.016467,0.02298,0.02298,0.0,0.003801
RG010,low,False,5,3,1,D3-1:tree-like-remote,1,1,0,2,0.000316,0.0,0.018347,1.6e-05,0.000851,0.0011,0.0011,0.0,0.000171
RG011,high,False,5,3,1,D3-2:strong-remote,1,2,0,2,0.081835,0.0,0.326987,0.035151,0.118969,0.2632,0.2632,0.0,0.057774
RG011,medium,False,5,3,1,D3-2:strong-remote,1,2,0,2,0.016624,0.0,0.150745,0.005743,0.025749,0.055035,0.055035,0.0,0.012207
RG011,low,False,5,3,1,D3-2:strong-remote,1,2,0,2,0.001177,0.0,0.039964,0.000464,0.00165,0.003862,0.003862,0.0,0.000889
RG012,high,False,5,3,1,D3-2:strong-remote,1,3,0,2,0.104095,0.001635,0.366391,0.024694,0.236469,0.202792,0.381031,0.03852,0.08359
RG012,medium,False,5,3,1,D3-2:strong-remote,1,3,0,2,0.024759,0.0008,0.188056,0.005651,0.049723,0.062723,0.087405,0.002204,0.021339
RG012,low,False,5,3,1,D3-2:strong-remote,1,3,0,2,0.001413,2e-05,0.044125,0.000341,0.002553,0.004152,0.004753,2e-05,0.001185
RG013,high,False,5,3,1,D3-2:strong-remote,1,2,0,2,0.106361,0.001235,0.371659,0.020767,0.193161,0.332071,0.316489,0.001235,0.085296
RG013,medium,False,5,3,1,D3-2:strong-remote,1,2,0,2,0.021143,0.001761,0.17248,0.002143,0.034554,0.07953,0.053174,0.003941,0.016609
RG013,low,False,5,3,1,D3-2:strong-remote,1,2,0,2,0.001012,5.8e-05,0.037202,6.6e-05,0.001555,0.004238,0.00226,0.000317,0.000728
RG014,high,False,5,3,1,D3-1:tree-like-remote,1,1,0,2,0.086103,0.0,0.336936,0.019021,0.158807,0.272423,0.272423,0.0,0.064981
RG014,medium,False,5,3,1,D3-1:tree-like-remote,1,1,0,2,0.011102,0.0,0.119667,0.001347,0.024747,0.037397,0.037397,0.0,0.007626
RG014,low,False,5,3,1,D3-1:tree-like-remote,1,1,0,2,0.000381,0.0,0.020903,2.6e-05,0.000984,0.001331,0.001331,0.0,0.000218
RG015,high,False,5,3,0,D3-1:tree-like-remote,1,1,0,2,0.064922,0.0,0.291224,0.015838,0.121286,0.214955,0.214955,0.0,0.044792
RG015,medium,False,5,3,0,D3-1:tree-like-remote,1,1,0,2,0.007405,0.0,0.093165,0.000617,0.018407,0.025661,0.025661,0.0,0.004452
RG015,low,False,5,3,0,D3-1:tree-like-remote,1,1,0,2,0.000331,0.0,0.018957,1.8e-05,0.000886,0.001153,0.001153,0.0,0.000181
RG016,high,False,5,3,0,D3-2:strong-remote,1,2,0,2,0.081661,0.000404,0.328606,0.020336,0.146202,0.2632,0.259409,0.000404,0.060482
RG016,medium,False,5,3,0,D3-2:strong-remote,1,2,0,2,0.014251,0.000845,0.139904,0.001282,0.026307,0.055035,0.038833,0.00179,0.010281
RG016,low,False,5,3,0,D3-2:strong-remote,1,2,0,2,0.000907,3.7e-05,0.035064,5.3e-05,0.001428,0.003862,0.002032,0.000294,0.000639
RG017,high,False,5,3,0,D3-2:strong-remote,1,3,0,2,0.080713,0.001572,0.326773,0.021364,0.171747,0.202792,0.295791,0.011447,0.061045
RG017,medium,False,5,3,0,D3-2:strong-remote,1,3,0,2,0.017527,0.000775,0.15639,0.001503,0.03441,0.062723,0.049911,0.000775,0.013853
RG017,low,False,5,3,0,D3-2:strong-remote,1,3,0,2,0.001099,6.7e-05,0.038723,7.5e-05,0.002042,0.004152,0.002897,0.000113,0.000871
RG018,high,True,5,2,1,D3-1:tree-like-remote,2,2,0,2,0.046388,0.0,0.226242,0.022749,0.063836,0.153924,0.153924,0.0,0.033944
RG018,medium,True,5,2,1,D3-1:tree-like-remote,2,2,0,2,0.007844,0.0,0.097765,0.000772,0.01896,0.027281,0.027281,0.0,0.004514
RG018,low,True,5,2,1,D3-1:tree-like-remote,2,2,0,2,0.000349,0.0,0.019337,1.9e-05,0.00091,0.001192,0.001192,0.0,0.000191
RG019,high,False,5,2,1,D3-2:strong-remote,2,2,1,2,0.023073,0.0,0.134083,0.001729,0.058413,0.065091,0.065091,0.0,0.015003
RG019,medium,False,5,2,1,D3-2:strong-remote,2,2,1,2,0.006817,0.0,0.091841,0.002104,0.014282,0.016544,0.016544,0.0,0.005526
RG019,low,False,5,2,1,D3-2:strong-remote,2,2,1,2,0.000205,0.0,0.015048,5.7e-05,0.000701,0.000454,0.000454,0.0,0.000122
RG020,high,False,5,2,0,D3-1:tree-like-remote,2,2,0,2,0.030214,0.0,0.162175,0.012777,0.045758,0.097027,0.097027,0.0,0.020895
RG020,medium,False,5,2,0,D3-1:tree-like-remote,2,2,0,2,0.006384,0.0,0.084023,0.000469,0.016152,0.02184,0.02184,0.0,0.003536
RG020,low,False,5,2,0,D3-1:tree-like-remote,2,2,0,2,0.000324,0.0,0.018457,1.5e-05,0.000865,0.001108,0.001108,0.0,0.000174
RG021,high,False,5,2,0,D3-2:strong-remote,2,3,0,2,0.061388,0.000548,0.270328,0.026444,0.083708,0.196065,0.192106,0.00242,0.049044
RG021,medium,False,5,2,0,D3-2:strong-remote,2,3,0,2,0.012885,0.000211,0.131794,0.001063,0.025338,0.047393,0.036562,0.002371,0.00889
RG021,low,False,5,2,0,D3-2:strong-remote,2,3,0,2,0.000758,1.1e-05,0.030831,4e-05,0.001244,0.003004,0.001721,0.000318,0.000531
RG022,high,False,5,2,0,D3-2:strong-remote,2,4,0,2,0.061208,1.7e-05,0.269994,0.029562,0.080344,0.197984,0.194679,1.7e-05,0.047913
RG022,medium,False,5,2,0,D3-2:strong-remote,2,4,0,2,0.012959,0.000241,0.13353,0.000633,0.02743,0.050764,0.036247,0.001276,0.008805
RG022,low,False,5,2,0,D3-2:strong-remote,2,4,0,2,0.000826,1e-05,0.032938,1.6e-05,0.0014,0.00364,0.001718,0.000358,0.000563
RG023,high,False,5,2,0,D3-2:strong-remote,2,4,1,2,0.054028,0.000203,0.253291,0.035973,0.077616,0.141329,0.204893,0.007238,0.04118
RG023,medium,False,5,2,0,D3-2:strong-remote,2,4,1,2,0.010063,4e-05,0.11273,0.000881,0.026669,0.028748,0.037062,0.000545,0.006444
RG023,low,False,5,2,0,D3-2:strong-remote,2,4,1,2,0.000451,1e-06,0.022103,1e-06,0.001317,0.001482,0.001397,1e-06,0.000277
RG024,high,False,5,2,0,D3-2:strong-remote,2,3,1,2,0.033434,0.002698,0.18012,0.033366,0.059147,0.042883,0.117555,0.02364,0.027356
RG024,medium,False,5,2,0,D3-2:strong-remote,2,3,1,2,0.010988,0.000387,0.120625,0.003036,0.016712,0.027246,0.025141,0.004895,0.008883
RG024,low,False,5,2,0,D3-2:strong-remote,2,3,1,2,0.000971,2.4e-05,0.034664,0.000133,0.001058,0.003136,0.001467,0.000806,0.00074
RG025,high,False,5,2,0,D3-2:strong-remote,2,2,1,2,0.043238,0.0,0.205873,0.029804,0.046613,0.134477,0.134477,0.0,0.03132
RG025,medium,False,5,2,0,D3-2:strong-remote,2,2,1,2,0.00785,0.0,0.097361,0.001606,0.016377,0.027705,0.027705,0.0,0.004572
RG025,low,False,5,2,0,D3-2:strong-remote,2,2,1,2,0.000341,0.0,0.019342,3e-05,0.000848,0.001192,0.001192,0.0,0.000185
RG026,high,False,5,2,0,D3-1:tree-like-remote,2,2,0,2,0.051828,0.0,0.242019,0.017082,0.084138,0.168229,0.168229,0.0,0.040776
RG026,medium,False,5,2,0,D3-1:tree-like-remote,2,2,0,2,0.00857,0.0,0.102487,0.00061,0.021513,0.029259,0.029259,0.0,0.005135
RG026,low,False,5,2,0,D3-1:tree-like-remote,2,2,0,2,0.000357,0.0,0.019712,1.8e-05,0.000946,0.001222,0.001222,0.0,0.000198
RG027,high,False,5,2,0,D3-2:strong-remote,2,2,1,2,0.052934,0.0,0.245371,0.017192,0.086173,0.171329,0.171329,0.0,0.041917
RG027,medium,False,5,2,0,D3-2:strong-remote,2,2,1,2,0.007977,0.0,0.096786,0.000302,0.021405,0.026726,0.026726,0.0,0.004681
RG027,low,False,5,2,0,D3-2:strong-remote,2,2,1,2,0.000287,0.0,0.016059,0.0,0.00089,0.000898,0.000898,0.0,0.000149
RG028,high,False,6,5,0,D3-0:no-remote,0,0,0,1,0.000784,0.0,0.01521,0.0,0.0,0.0,0.0,0.0,0.000471
RG028,medium,False,6,5,0,D3-0:no-remote,0,0,0,1,0.000188,0.0,0.007989,0.0,0.0,0.0,0.0,0.0,0.000113
RG028,low,False,6,5,0,D3-0:no-remote,0,0,0,1,2.1e-05,0.0,0.003024,0.0,0.0,0.0,0.0,0.0,1.3e-05
RG029,high,False,6,5,1,D3-0:no-remote,0,0,0,1,0.02176,0.0,0.147997,0.018465,0.009106,0.052131,0.052131,0.0,0.025272
RG029,medium,False,6,5,1,D3-0:no-remote,0,0,0,1,0.001031,0.0,0.034476,0.000402,0.000856,0.002429,0.002429,0.0,0.001377
RG029,low,False,6,5,1,D3-0:no-remote,0,0,0,1,1.1e-05,0.0,0.003742,3e-06,8e-06,2e-05,2e-05,0.0,1.5e-05
RG030,high,False,6,5,2,D3-0:no-remote,0,0,0,1,0.023945,0.0,0.154236,0.029047,0.005407,0.055724,0.055724,0.0,0.025313
RG030,medium,False,6,5,2,D3-0:no-remote,0,0,0,1,0.001143,0.0,0.03702,0.000851,0.000656,0.002737,0.002737,0.0,0.00142
RG030,low,False,6,5,2,D3-0:no-remote,0,0,0,1,1.5e-05,0.0,0.004274,7e-06,8e-06,2.8e-05,2.8e-05,0.0,1.9e-05
RG031,high,False,6,5,3,D3-0:no-remote,0,0,0,1,0.01443,0.0,0.138215,0.002964,0.015416,0.031646,0.031646,0.0,0.016204
RG031,medium,False,6,5,3,D3-0:no-remote,0,0,0,1,0.004553,0.0,0.077746,0.001841,0.003481,0.010356,0.010356,0.0,0.004982
RG031,low,False,6,5,3,D3-0:no-remote,0,0,0,1,3.3e-05,0.0,0.006549,1.1e-05,1.7e-05,5.4e-05,5.4e-05,0.0,2.8e-05
RG032,high,False,6,5,4,D3-0:no-remote,0,0,0,1,0.031799,0.0,0.171776,0.052559,0.001346,0.068526,0.068526,0.0,0.028429
RG032,medium,False,6,5,4,D3-0:no-remote,0,0,0,1,0.003597,0.0,0.064624,0.003036,0.001476,0.007776,0.007776,0.0,0.004137
RG032,low,False,6,5,4,D3-0:no-remote,0,0,0,1,0.000109,0.0,0.01045,3.5e-05,5.1e-05,0.000161,0.000161,0.0,0.000137
RG033,high,False,6,5,4,D3-0:no-remote,0,0,0,1,0.037306,0.0,0.21969,0.03925,0.013069,0.089824,0.089824,0.0,0.042213
RG033,medium,False,6,5,4,D3-0:no-remote,0,0,0,1,0.001655,0.0,0.047479,0.001058,0.001214,0.003886,0.003886,0.0,0.002165
RG033,low,False,6,5,4,D3-0:no-remote,0,0,0,1,2.1e-05,0.0,0.00513,1.1e-05,1.2e-05,4.1e-05,4.1e-05,0.0,2.8e-05
RG034,high,False,6,5,5,D3-0:no-remote,0,0,0,1,0.03629,0.0,0.215211,0.046734,0.007292,0.085597,0.085597,0.0,0.038597
RG034,medium,False,6,5,5,D3-0:no-remote,0,0,0,1,0.001392,0.0,0.043427,0.000573,0.001246,0.003252,0.003252,0.0,0.001916
RG034,low,False,6,5,5,D3-0:no-remote,0,0,0,1,1.8e-05,0.0,0.00484,2e-06,1.4e-05,2.4e-05,2.4e-05,0.0,2.4e-05
RG035,high,False,6,5,6,D3-0:no-remote,0,0,0,1,0.031911,0.0,0.203185,0.024788,0.016042,0.078901,0.078901,0.0,0.038094
RG035,medium,False,6,5,6,D3-0:no-remote,0,0,0,1,0.001342,0.0,0.040566,9.2e-05,0.001937,0.002872,0.002872,0.0,0.001985
RG035,low,False,6,5,6,D3-0:no-remote,0,0,0,1,1.6e-05,0.0,0.004499,0.0,1.6e-05,1.7e-05,1.7e-05,0.0,2.1e-05
RG036,high,False,6,5,3,D3-0:no-remote,0,0,0,1,0.040649,0.0,0.210054,0.041476,0.014198,0.095792,0.095792,0.0,0.043792
RG036,medium,False,6,5,3,D3-0:no-remote,0,0,0,1,0.002884,0.0,0.059577,0.001586,0.0023,0.007018,0.007018,0.0,0.003602
RG036,low,False,6,5,3,D3-0:no-remote,0,0,0,1,2.5e-05,0.0,0.005549,1.1e-05,2e-05,5.6e-05,5.6e-05,0.0,3.3e-05
RG037,high,False,6,5,4,D3-0:no-remote,0,0,0,1,0.037165,0.0,0.217632,0.052851,0.004532,0.086716,0.086716,0.0,0.038211
RG037,medium,False,6,5,4,D3-0:no-remote,0,0,0,1,0.001341,0.0,0.043521,0.000635,0.001009,0.003242,0.003242,0.0,0.00182
RG037,low,False,6,5,4,D3-0:no-remote,0,0,0,1,1.7e-05,0.0,0.004787,2e-06,1.3e-05,2.4e-05,2.4e-05,0.0,2.3e-05
RG038,high,False,6,5,4,D3-0:no-remote,0,0,0,1,0.036677,0.0,0.218676,0.033026,0.01543,0.08978,0.08978,0.0,0.04277
RG038,medium,False,6,5,4,D3-0:no-remote,0,0,0,1,0.001601,0.0,0.046851,0.000629,0.001436,0.003818,0.003818,0.0,0.002201
RG038,low,False,6,5,4,D3-0:no-remote,0,0,0,1,1.9e-05,0.0,0.004845,6e-06,1.3e-05,3.5e-05,3.5e-05,0.0,2.6e-05
RG039,high,False,6,5,3,D3-0:no-remote,0,0,0,1,0.04053,0.0,0.210011,0.041617,0.013161,0.095869,0.095869,0.0,0.043625
RG039,medium,False,6,5,3,D3-0:no-remote,0,0,0,1,0.00289,0.0,0.059751,0.001648,0.002057,0.007114,0.007114,0.0,0.003586
RG039,low,False,6,5,3,D3-0:no-remote,0,0,0,1,2.6e-05,0.0,0.005742,1.2e-05,1.9e-05,6e-05,6e-05,0.0,3.4e-05
RG040,high,False,6,5,2,D3-0:no-remote,0,0,0,1,0.029607,0.0,0.196905,0.023108,0.01477,0.073245,0.073245,0.0,0.036299
RG040,medium,False,6,5,2,D3-0:no-remote,0,0,0,1,0.00125,0.0,0.041657,0.000467,0.00108,0.002967,0.002967,0.0,0.001738
RG040,low,False,6,5,2,D3-0:no-remote,0,0,0,1,1.3e-05,0.0,0.00407,3e-06,8e-06,2.1e-05,2.1e-05,0.0,1.7e-05
RG041,high,False,6,4,3,D3-1:tree-like-remote,1,1,0,2,0.090818,0.0,0.334315,0.008343,0.208583,0.284596,0.284596,0.0,0.065683
RG041,medium,False,6,4,3,D3-1:tree-like-remote,1,1,0,2,0.016569,0.0,0.152568,0.00213,0.035311,0.053627,0.053627,0.0,0.012224
RG041,low,False,6,4,3,D3-1:tree-like-remote,1,1,0,2,0.000462,0.0,0.023926,4.4e-05,0.001129,0.001603,0.001603,0.0,0.000274
RG042,high,False,6,4,3,D3-2:strong-remote,1,2,0,2,0.079067,0.004116,0.315355,0.007959,0.223713,0.133881,0.300442,0.04251,0.053108
RG042,medium,False,6,4,3,D3-2:strong-remote,1,2,0,2,0.015804,0.000934,0.149281,0.000934,0.044116,0.032087,0.057458,0.005169,0.011663
RG042,low,False,6,4,3,D3-2:strong-remote,1,2,0,2,0.000545,4e-06,0.026125,4e-06,0.001598,0.001605,0.001759,6.5e-05,0.000353
RG043,high,False,6,4,3,D3-2:strong-remote,1,3,0,2,0.080256,0.000779,0.317634,0.006767,0.233123,0.097055,0.303775,0.06941,0.052354
RG043,medium,False,6,4,3,D3-2:strong-remote,1,3,0,2,0.016661,0.000311,0.15547,0.000311,0.051539,0.018078,0.059506,0.012485,0.011985
RG043,low,False,6,4,3,D3-2:strong-remote,1,3,0,2,0.000576,5e-06,0.026889,5e-06,0.002045,0.001075,0.001856,0.000126,0.000383
RG044,high,False,6,4,2,D3-1:tree-like-remote,1,1,0,2,0.062504,0.0,0.280341,0.004377,0.155361,0.206152,0.206152,0.0,0.040013
RG044,medium,False,6,4,2,D3-1:tree-like-remote,1,1,0,2,0.014125,0.0,0.13967,0.002085,0.029526,0.046907,0.046907,0.0,0.009921
RG044,low,False,6,4,2,D3-1:tree-like-remote,1,1,0,2,0.00043,0.0,0.022981,4e-05,0.001052,0.001502,0.001502,0.0,0.000248
RG045,high,False,6,4,3,D3-1:tree-like-remote,1,1,0,2,0.078065,0.0,0.313893,0.022354,0.140797,0.258355,0.258355,0.0,0.05094
RG045,medium,False,6,4,3,D3-1:tree-like-remote,1,1,0,2,0.014223,0.0,0.136781,0.003242,0.026135,0.047298,0.047298,0.0,0.009889
RG045,low,False,6,4,3,D3-1:tree-like-remote,1,1,0,2,0.000465,0.0,0.023762,6.4e-05,0.001039,0.001615,0.001615,0.0,0.000276
RG046,high,False,6,4,3,D3-2:strong-remote,1,2,0,2,0.095351,0.0,0.341617,0.035327,0.152631,0.306754,0.306754,0.0,0.065156
RG046,medium,False,6,4,3,D3-2:strong-remote,1,2,0,2,0.027392,0.0,0.192326,0.010713,0.036938,0.08547,0.08547,0.0,0.021596
RG046,low,False,6,4,3,D3-2:strong-remote,1,2,0,2,0.001466,0.0,0.044763,0.000622,0.001879,0.004653,0.004653,0.0,0.001125
RG047,high,False,6,4,4,D3-2:strong-remote,1,2,0,2,0.096988,0.0,0.343372,0.029731,0.167945,0.309995,0.309995,0.0,0.068013
RG047,medium,False,6,4,4,D3-2:strong-remote,1,2,0,2,0.02971,0.0,0.198326,0.008446,0.045734,0.091062,0.091062,0.0,0.024701
RG047,low,False,6,4,4,D3-2:strong-remote,1,2,0,2,0.001627,0.0,0.047089,0.000621,0.002153,0.00508,0.00508,0.0,0.001282
RG048,high,False,6,4,4,D3-2:strong-remote,1,3,0,2,0.092337,0.003188,0.335346,0.017001,0.230877,0.190627,0.343652,0.033019,0.065972
RG048,medium,False,6,4,4,D3-2:strong-remote,1,3,0,2,0.030034,0.00093,0.200101,0.004606,0.061194,0.080437,0.097211,0.00093,0.026461
RG048,low,False,6,4,4,D3-2:strong-remote,1,3,0,2,0.001626,3.5e-05,0.047338,0.000356,0.002974,0.004562,0.005375,3.5e-05,0.001377
RG049,high,False,6,4,4,D3-2:strong-remote,1,4,0,2,0.093455,0.00635,0.337382,0.015731,0.239333,0.186499,0.347409,0.036188,0.067117
RG049,medium,False,6,4,4,D3-2:strong-remote,1,4,0,2,0.03079,0.002995,0.202001,0.002995,0.07329,0.063647,0.103521,0.010287,0.027311
RG049,low,False,6,4,4,D3-2:strong-remote,1,4,0,2,0.00178,7.5e-05,0.049434,0.000189,0.004071,0.004141,0.005976,0.000311,0.001603
RG050,high,False,6,4,3,D3-2:strong-remote,1,3,0,2,0.096616,3.3e-05,0.340712,0.01479,0.237709,0.232876,0.343259,0.016181,0.071639
RG050,medium,False,6,4,3,D3-2:strong-remote,1,3,0,2,0.029945,0.002511,0.204389,0.005552,0.058916,0.082095,0.096364,0.003052,0.025889
RG050,low,False,6,4,3,D3-2:strong-remote,1,3,0,2,0.001601,7.7e-05,0.047493,0.000382,0.002892,0.004516,0.005326,7.7e-05,0.001345
RG051,high,False,6,4,3,D3-2:strong-remote,1,4,0,2,0.094618,0.007288,0.339124,0.012861,0.249852,0.186499,0.347778,0.036235,0.069046
RG051,medium,False,6,4,3,D3-2:strong-remote,1,4,0,2,0.030107,0.001751,0.200499,0.003961,0.070565,0.063647,0.102544,0.009584,0.026648
RG051,low,False,6,4,3,D3-2:strong-remote,1,4,0,2,0.001733,4.1e-05,0.048829,0.000253,0.003804,0.004141,0.005901,0.000283,0.001547
RG052,high,False,6,4,4,D3-1:tree-like-remote,1,1,0,2,0.079942,0.0,0.316207,0.017685,0.15645,0.261875,0.261875,0.0,0.053702
RG052,medium,False,6,4,4,D3-1:tree-like-remote,1,1,0,2,0.015591,0.0,0.141202,0.001863,0.033187,0.050139,0.050139,0.0,0.011623
RG052,low,False,6,4,4,D3-1:tree-like-remote,1,1,0,2,0.000498,0.0,0.024417,4.5e-05,0.001183,0.001689,0.001689,0.0,0.000306
RG053,high,False,6,4,4,D3-2:strong-remote,1,2,0,2,0.074417,0.00745,0.304411,0.00745,0.21013,0.11573,0.283114,0.049332,0.048239
RG053,medium,False,6,4,4,D3-2:strong-remote,1,2,0,2,0.015764,0.00051,0.141683,0.00051,0.042499,0.035694,0.051761,0.004049,0.011921
RG053,low,False,6,4,4,D3-2:strong-remote,1,2,0,2,0.00056,5e-06,0.026956,5e-06,0.001558,0.001327,0.001709,0.000228,0.000353
RG054,high,False,6,4,3,D3-2:strong-remote,1,2,0,2,0.095297,0.0,0.341596,0.035535,0.151935,0.306743,0.306743,0.0,0.065057
RG054,medium,False,6,4,3,D3-2:strong-remote,1,2,0,2,0.027505,0.0,0.192714,0.011029,0.036582,0.085806,0.085806,0.0,0.021634
RG054,low,False,6,4,3,D3-2:strong-remote,1,2,0,2,0.001502,0.0,0.045318,0.000655,0.001887,0.004757,0.004757,0.0,0.001155
RG055,high,False,6,4,3,D3-2:strong-remote,1,3,0,2,0.092798,0.005188,0.336262,0.013233,0.240526,0.190627,0.340492,0.032107,0.067197
RG055,medium,False,6,4,3,D3-2:strong-remote,1,3,0,2,0.028785,0.000538,0.196134,0.00488,0.057013,0.080437,0.091516,0.000538,0.024924
RG055,low,False,6,4,3,D3-2:strong-remote,1,3,0,2,0.001516,8e-06,0.04555,0.000356,0.002628,0.004562,0.004871,8e-06,0.001255
RG056,high,False,6,4,3,D3-2:strong-remote,1,2,0,2,0.069868,0.002665,0.296604,0.012293,0.188089,0.106617,0.280822,0.050316,0.043722
RG056,medium,False,6,4,3,D3-2:strong-remote,1,2,0,2,0.013144,0.000529,0.131498,0.00149,0.035422,0.027586,0.050455,0.003783,0.009218
RG056,low,False,6,4,3,D3-2:strong-remote,1,2,0,2,0.000539,1e-05,0.025307,1.1e-05,0.0015,0.001746,0.001723,1e-05,0.000351
RG057,high,False,6,4,2,D3-2:strong-remote,1,2,0,2,0.110793,0.0,0.362941,0.021275,0.216442,0.342011,0.342011,0.0,0.083298
RG057,medium,False,6,4,2,D3-2:strong-remote,1,2,0,2,0.027752,0.0,0.19841,0.009269,0.040706,0.087056,0.087056,0.0,0.02232
RG057,low,False,6,4,2,D3-2:strong-remote,1,2,0,2,0.001352,0.0,0.043346,0.000522,0.00186,0.004348,0.004348,0.0,0.001032
RG058,high,True,6,4,2,D3-2:strong-remote,1,3,0,2,0.100692,0.000556,0.34727,0.023718,0.236542,0.219151,0.370851,0.030387,0.073856
RG058,medium,True,6,4,2,D3-2:strong-remote,1,3,0,2,0.027164,0.000906,0.197334,0.007202,0.05368,0.065553,0.097652,0.004499,0.022793
RG058,low,True,6,4,2,D3-2:strong-remote,1,3,0,2,0.001473,4.1e-05,0.045539,0.000335,0.00272,0.004238,0.004952,4.1e-05,0.001229
RG059,high,False,6,4,2,D3-2:strong-remote,1,4,0,2,0.102522,0.003939,0.349213,0.010226,0.280745,0.186499,0.368083,0.044173,0.077509
RG059,medium,False,6,4,2,D3-2:strong-remote,1,4,0,2,0.031567,0.000893,0.210904,0.004045,0.074657,0.063647,0.111276,0.00797,0.02854
RG059,low,False,6,4,2,D3-2:strong-remote,1,4,0,2,0.001703,2.4e-05,0.048553,0.000255,0.0037,0.004141,0.005886,0.00018,0.001525
RG060,high,False,6,4,2,D3-2:strong-remote,1,3,0,2,0.103947,0.001958,0.351191,0.011746,0.26946,0.232876,0.363619,0.022511,0.080058
RG060,medium,False,6,4,2,D3-2:strong-remote,1,3,0,2,0.03138,0.001384,0.212492,0.005953,0.062854,0.082095,0.105153,0.001679,0.027746
RG060,low,False,6,4,2,D3-2:strong-remote,1,3,0,2,0.001587,3.6e-05,0.047429,0.000405,0.00281,0.004516,0.005337,3.6e-05,0.001333
RG061,high,False,6,4,2,D3-2:strong-remote,1,2,0,2,0.110486,0.001234,0.360568,0.00766,0.247326,0.349533,0.321991,0.001234,0.086326
RG061,medium,False,6,4,2,D3-2:strong-remote,1,2,0,2,0.029014,0.002678,0.205786,0.002678,0.046655,0.107081,0.069666,0.005966,0.02367
RG061,low,False,6,4,2,D3-2:strong-remote,1,2,0,2,0.001159,9.4e-05,0.040502,9.4e-05,0.001757,0.004702,0.002644,0.000313,0.000847
RG062,high,False,6,4,3,D3-1:tree-like-remote,1,1,0,2,0.079094,0.0,0.314893,0.013737,0.164128,0.258733,0.258733,0.0,0.053682
RG062,medium,False,6,4,3,D3-1:tree-like-remote,1,1,0,2,0.014517,0.0,0.136888,0.001867,0.030904,0.047213,0.047213,0.0,0.010449
RG062,low,False,6,4,3,D3-1:tree-like-remote,1,1,0,2,0.000456,0.0,0.023229,4.4e-05,0.001101,0.001561,0.001561,0.0,0.000271
RG063,high,False,6,4,3,D3-2:strong-remote,1,2,0,2,0.096142,0.000159,0.342675,0.023095,0.178455,0.309995,0.304861,0.000159,0.068563
RG063,medium,False,6,4,3,D3-2:strong-remote,1,2,0,2,0.027677,0.000414,0.193739,0.007185,0.041084,0.091062,0.080897,0.000414,0.022417
RG063,low,False,6,4,3,D3-2:strong-remote,1,2,0,2,0.001461,4.7e-05,0.044977,0.000512,0.001765,0.00508,0.004162,4.7e-05,0.001104
RG064,high,False,6,4,2,D3-1:tree-like-remote,1,1,0,2,0.08613,0.0,0.328619,0.012111,0.184756,0.275801,0.275801,0.0,0.060442
RG064,medium,False,6,4,2,D3-1:tree-like-remote,1,1,0,2,0.01209,0.0,0.127805,0.00147,0.02691,0.040677,0.040677,0.0,0.008196
RG064,low,False,6,4,2,D3-1:tree-like-remote,1,1,0,2,0.000382,0.0,0.021227,2.6e-05,0.00099,0.001339,0.001339,0.0,0.000216
RG065,high,False,6,4,2,D3-2:strong-remote,1,2,0,2,0.074301,0.003033,0.307661,0.011329,0.201974,0.129331,0.292321,0.0409,0.048602
RG065,medium,False,6,4,2,D3-2:strong-remote,1,2,0,2,0.011863,0.000514,0.125919,0.000514,0.035136,0.027504,0.043547,0.002131,0.008195
RG065,low,False,6,4,2,D3-2:strong-remote,1,2,0,2,0.000459,1e-06,0.02278,1e-06,0.001428,0.001481,0.001441,3e-06,0.000286
RG066,high,False,6,4,2,D3-2:strong-remote,1,3,0,2,0.087735,0.003381,0.328451,0.016827,0.215741,0.190627,0.327673,0.02916,0.061734
RG066,medium,False,6,4,2,D3-2:strong-remote,1,3,0,2,0.022263,0.000867,0.173487,0.000867,0.042807,0.080437,0.055497,0.004435,0.017647
RG066,low,False,6,4,2,D3-2:strong-remote,1,3,0,2,0.001114,8e-06,0.038616,8e-06,0.002028,0.004562,0.002283,0.000432,0.000841
RG067,high,False,6,4,2,D3-2:strong-remote,1,2,0,2,0.098901,0.000231,0.346054,0.014716,0.210315,0.307149,0.314128,0.000231,0.073687
RG067,medium,False,6,4,2,D3-2:strong-remote,1,2,0,2,0.024943,0.002036,0.186446,0.002913,0.044094,0.085766,0.068872,0.002036,0.020208
RG067,low,False,6,4,2,D3-2:strong-remote,1,2,0,2,0.001151,9.6e-05,0.040017,9.6e-05,0.001748,0.004632,0.002661,0.000285,0.000842
RG068,high,False,6,4,2,D3-1:tree-like-remote,1,1,0,2,0.089466,0.0,0.331931,0.011269,0.195551,0.285011,0.285011,0.0,0.064528
RG068,medium,False,6,4,2,D3-1:tree-like-remote,1,1,0,2,0.015918,0.0,0.147895,0.002029,0.033912,0.051729,0.051729,0.0,0.011692
RG068,low,False,6,4,2,D3-1:tree-like-remote,1,1,0,2,0.000474,0.0,0.024138,4.7e-05,0.001138,0.001635,0.001635,0.0,0.000284
RG069,high,False,6,4,1,D3-1:tree-like-remote,1,1,0,2,0.038791,0.0,0.170777,0.011451,0.057417,0.112412,0.112412,0.0,0.03876
RG069,medium,False,6,4,1,D3-1:tree-like-remote,1,1,0,2,0.007598,0.0,0.082776,0.000622,0.017617,0.024713,0.024713,0.0,0.005514
RG069,low,False,6,4,1,D3-1:tree-like-remote,1,1,0,2,0.000375,0.0,0.019398,2.1e-05,0.000953,0.001259,0.001259,0.0,0.000225
RG070,high,False,6,4,1,D3-2:strong-remote,1,2,0,2,0.086439,0.0,0.330189,0.023851,0.156052,0.282008,0.282008,0.0,0.05905
RG070,medium,False,6,4,1,D3-2:strong-remote,1,2,0,2,0.018174,0.0,0.16087,0.005826,0.029036,0.060043,0.060043,0.0,0.01325
RG070,low,False,6,4,1,D3-2:strong-remote,1,2,0,2,0.00121,0.0,0.040952,0.000474,0.001694,0.003954,0.003954,0.0,0.000906
RG071,high,False,6,4,2,D3-2:strong-remote,1,2,0,2,0.093273,0.0,0.339809,0.029445,0.159429,0.30179,0.30179,0.0,0.06441
RG071,medium,False,6,4,2,D3-2:strong-remote,1,2,0,2,0.022164,0.0,0.17852,0.00717,0.03418,0.071479,0.071479,0.0,0.016867
RG071,low,False,6,4,2,D3-2:strong-remote,1,2,0,2,0.001322,0.0,0.042866,0.000514,0.001819,0.004263,0.004263,0.0,0.001002
RG072,high,False,6,4,2,D3-2:strong-remote,1,3,0,2,0.087299,0.003333,0.328655,0.018705,0.217093,0.172635,0.335643,0.03684,0.060901
RG072,medium,False,6,4,2,D3-2:strong-remote,1,3,0,2,0.021534,0.000367,0.1745,0.003961,0.047471,0.053624,0.077716,0.0025,0.017457
RG072,low,False,6,4,2,D3-2:strong-remote,1,3,0,2,0.00136,2.1e-05,0.043576,0.000307,0.002519,0.003992,0.00458,2.1e-05,0.001117
RG073,high,False,6,4,2,D3-2:strong-remote,1,4,0,2,0.090307,0.002874,0.333185,0.018107,0.22484,0.186499,0.341735,0.032892,0.064332
RG073,medium,False,6,4,2,D3-2:strong-remote,1,4,0,2,0.024804,0.000693,0.186668,0.002705,0.057288,0.063647,0.083757,0.002278,0.021347
RG073,low,False,6,4,2,D3-2:strong-remote,1,4,0,2,0.001554,4.3e-05,0.045973,0.00017,0.003446,0.004141,0.00514,7.6e-05,0.00138
RG074,high,False,6,4,1,D3-2:strong-remote,1,3,0,2,0.099063,0.001183,0.345084,0.016007,0.24799,0.219151,0.358418,0.025502,0.0742
RG074,medium,False,6,4,1,D3-2:strong-remote,1,3,0,2,0.025475,0.000764,0.192115,0.005302,0.052538,0.065553,0.089706,0.002046,0.021492
RG074,low,False,6,4,1,D3-2:strong-remote,1,3,0,2,0.001445,2.1e-05,0.045101,0.000346,0.002609,0.004238,0.00485,2.1e-05,0.001201
RG075,high,False,6,4,1,D3-2:strong-remote,1,4,0,2,0.098257,0.005993,0.344255,0.0144,0.257848,0.186499,0.36235,0.041274,0.072835
RG075,medium,False,6,4,1,D3-2:strong-remote,1,4,0,2,0.026738,0.000164,0.194318,0.00367,0.061176,0.063647,0.093357,0.003178,0.023469
RG075,low,False,6,4,1,D3-2:strong-remote,1,4,0,2,0.001535,5.4e-05,0.045921,0.000209,0.003283,0.004141,0.005145,6e-05,0.001356
RG076,high,False,6,4,2,D3-1:tree-like-remote,1,1,0,2,0.075697,0.0,0.310656,0.017131,0.147621,0.251405,0.251405,0.0,0.049808
RG076,medium,False,6,4,2,D3-1:tree-like-remote,1,1,0,2,0.010459,0.0,0.118063,0.001283,0.023703,0.035774,0.035774,0.0,0.006689
RG076,low,False,6,4,2,D3-1:tree-like-remote,1,1,0,2,0.000373,0.0,0.020835,2.5e-05,0.000968,0.001302,0.001302,0.0,0.000208
RG077,high,False,6,4,2,D3-2:strong-remote,1,2,0,2,0.093196,0.000825,0.339722,0.025811,0.163447,0.306754,0.29487,0.000825,0.064703
RG077,medium,False,6,4,2,D3-2:strong-remote,1,2,0,2,0.021647,0.001907,0.173749,0.00201,0.032308,0.08547,0.049308,0.007336,0.015925
RG077,low,False,6,4,2,D3-2:strong-remote,1,2,0,2,0.00108,4.8e-05,0.038345,4.8e-05,0.001509,0.004653,0.002092,0.000537,0.000753
RG078,high,False,6,4,1,D3-2:strong-remote,1,2,0,2,0.106297,0.001216,0.357046,0.010876,0.225594,0.342011,0.314969,0.001216,0.081046
RG078,medium,False,6,4,1,D3-2:strong-remote,1,2,0,2,0.022822,0.001971,0.182031,0.001971,0.037706,0.087056,0.056232,0.004443,0.017694
RG078,low,False,6,4,1,D3-2:strong-remote,1,2,0,2,0.001041,6.7e-05,0.038158,6.7e-05,0.001594,0.004348,0.002313,0.000327,0.000743
RG079,high,False,6,4,1,D3-2:strong-remote,1,3,0,2,0.098828,0.000741,0.344088,0.015389,0.243637,0.232876,0.351869,0.019166,0.074302
RG079,medium,False,6,4,1,D3-2:strong-remote,1,3,0,2,0.024622,0.000553,0.188639,0.002672,0.047367,0.082095,0.071715,0.000553,0.020506
RG079,low,False,6,4,1,D3-2:strong-remote,1,3,0,2,0.001221,9.3e-05,0.041435,9.3e-05,0.002242,0.004516,0.003244,0.000109,0.000974
RG080,high,False,6,4,1,D3-1:tree-like-remote,1,1,0,2,0.085821,0.0,0.327653,0.013923,0.179188,0.277325,0.277325,0.0,0.060325
RG080,medium,False,6,4,1,D3-1:tree-like-remote,1,1,0,2,0.011864,0.0,0.1269,0.001352,0.02683,0.039979,0.039979,0.0,0.007967
RG080,low,False,6,4,1,D3-1:tree-like-remote,1,1,0,2,0.00039,0.0,0.021488,2.7e-05,0.001007,0.001363,0.001363,0.0,0.000221
RG081,high,False,6,4,1,D3-2:strong-remote,1,2,0,2,0.095736,0.000106,0.34294,0.017852,0.193994,0.30179,0.307583,0.000106,0.069644
RG081,medium,False,6,4,1,D3-2:strong-remote,1,2,0,2,0.019743,0.00127,0.169697,0.002283,0.035882,0.071479,0.055679,0.00127,0.015064
RG081,low,False,6,4,1,D3-2:strong-remote,1,2,0,2,0.001024,6.9e-05,0.037897,6.9e-05,0.001587,0.004263,0.002318,0.000297,0.00073
RG082,high,False,6,4,0,D3-1:tree-like-remote,1,1,0,2,0.068413,0.0,0.295841,0.012578,0.142661,0.229729,0.229729,0.0,0.04417
RG082,medium,False,6,4,0,D3-1:tree-like-remote,1,1,0,2,0.008021,0.0,0.100326,0.000633,0.020124,0.02779,0.02779,0.0,0.004732
RG082,low,False,6,4,0,D3-1:tree-like-remote,1,1,0,2,0.000338,0.0,0.019502,1.8e-05,0.000908,0.001181,0.001181,0.0,0.000184
RG083,high,False,6,4,0,D3-2:strong-remote,1,2,0,2,0.08514,0.000312,0.327402,0.012617,0.176876,0.282008,0.26922,0.000312,0.059917
RG083,medium,False,6,4,0,D3-2:strong-remote,1,2,0,2,0.015433,0.001218,0.148889,0.001218,0.028833,0.060043,0.041554,0.002022,0.01097
RG083,low,False,6,4,0,D3-2:strong-remote,1,2,0,2,0.000932,5.4e-05,0.035944,5.4e-05,0.001463,0.003954,0.002079,0.000301,0.00065
RG084,high,False,6,4,0,D3-2:strong-remote,1,3,0,2,0.081457,0.001199,0.319646,0.015223,0.19124,0.219151,0.29567,0.007961,0.057314
RG084,medium,False,6,4,0,D3-2:strong-remote,1,3,0,2,0.01834,0.00074,0.162452,0.001474,0.036898,0.065553,0.052728,0.00074,0.014173
RG084,low,False,6,4,0,D3-2:strong-remote,1,3,0,2,0.001123,7.6e-05,0.039619,7.6e-05,0.002089,0.004238,0.00296,0.000115,0.000882
RG085,high,False,6,4,0,D3-2:strong-remote,1,4,0,2,0.079959,0.000752,0.314928,0.014201,0.20071,0.186499,0.30222,0.018921,0.055928
RG085,medium,False,6,4,0,D3-2:strong-remote,1,4,0,2,0.01991,0.000205,0.166327,0.00132,0.044753,0.063647,0.060955,0.000205,0.016331
RG085,low,False,6,4,0,D3-2:strong-remote,1,4,0,2,0.001269,1.7e-05,0.041251,7.4e-05,0.002751,0.004141,0.003727,1.7e-05,0.001084
RG086,high,False,6,3,2,D3-2:strong-remote,2,3,0,2,0.184062,0.0,0.452585,0.031495,0.377854,0.548403,0.548403,0.0,0.147602
RG086,medium,False,6,3,2,D3-2:strong-remote,2,3,0,2,0.052586,0.0,0.266693,0.01294,0.094675,0.171018,0.171018,0.0,0.03944
RG086,low,False,6,3,2,D3-2:strong-remote,2,3,0,2,0.002837,0.0,0.061253,0.000721,0.005149,0.009699,0.009699,0.0,0.00194
RG087,high,False,6,3,2,D3-2:strong-remote,2,4,0,2,0.181802,0.006096,0.449648,0.022732,0.419831,0.497796,0.564355,0.006098,0.149351
RG087,medium,False,6,3,2,D3-2:strong-remote,2,4,0,2,0.053998,0.001649,0.270496,0.009847,0.114874,0.155569,0.185631,0.001649,0.042398
RG087,low,False,6,3,2,D3-2:strong-remote,2,4,0,2,0.003073,2.9e-05,0.063823,0.000516,0.006544,0.009657,0.01071,2.9e-05,0.002239
RG088,high,True,6,3,2,D3-2:strong-remote,2,5,0,2,0.189423,0.003112,0.454696,0.017247,0.443411,0.527304,0.567934,0.003112,0.158975
RG088,medium,True,6,3,2,D3-2:strong-remote,2,5,0,2,0.0614,0.000105,0.286422,0.006376,0.130695,0.192622,0.189026,0.000105,0.050601
RG088,low,True,6,3,2,D3-2:strong-remote,2,5,0,2,0.003734,0.000116,0.071248,0.000304,0.007617,0.013274,0.010942,0.000116,0.002884
RG089,high,False,6,3,2,D3-2:strong-remote,2,5,1,2,0.096558,0.003995,0.360641,0.037986,0.19089,0.150895,0.330878,0.064693,0.079297
RG089,medium,False,6,3,2,D3-2:strong-remote,2,5,1,2,0.033734,0.004773,0.211471,0.026409,0.038381,0.065282,0.096167,0.004773,0.032262
RG089,low,False,6,3,2,D3-2:strong-remote,2,5,1,2,0.002087,0.000144,0.051989,0.00222,0.001901,0.004041,0.005455,0.000144,0.001844
RG090,high,False,6,3,2,D3-2:strong-remote,2,4,1,2,0.102775,6e-06,0.369222,0.031562,0.203085,0.2043,0.331777,0.030758,0.090521
RG090,medium,False,6,3,2,D3-2:strong-remote,2,4,1,2,0.035498,0.004274,0.220826,0.022244,0.041929,0.08148,0.095783,0.004274,0.035135
RG090,low,False,6,3,2,D3-2:strong-remote,2,4,1,2,0.002075,0.000106,0.052327,0.001719,0.002018,0.004632,0.005425,0.000106,0.001964
RG091,high,False,6,3,2,D3-2:strong-remote,2,4,0,2,0.173795,0.001294,0.440938,0.022164,0.416119,0.451794,0.55944,0.01317,0.14114
RG091,medium,False,6,3,2,D3-2:strong-remote,2,4,0,2,0.048211,0.00019,0.252846,0.009523,0.111734,0.118441,0.180477,0.007647,0.036612
RG091,low,False,6,3,2,D3-2:strong-remote,2,4,0,2,0.002646,1.7e-05,0.058606,0.000512,0.006246,0.0069,0.010315,0.000346,0.001844
RG092,high,False,6,3,2,D3-2:strong-remote,2,4,1,2,0.078782,0.000307,0.324906,0.041881,0.133029,0.089797,0.286364,0.108862,0.057813
RG092,medium,False,6,3,2,D3-2:strong-remote,2,4,1,2,0.023085,4e-06,0.165044,0.026362,0.024221,0.015493,0.079629,0.046306,0.017377
RG092,low,False,6,3,2,D3-2:strong-remote,2,4,1,2,0.001375,1.1e-05,0.038541,0.002313,0.001254,0.000712,0.004393,0.003172,0.000894
RG093,high,False,6,3,2,D3-2:strong-remote,2,3,1,2,0.103358,0.0,0.375465,0.045772,0.123296,0.285023,0.285023,0.0,0.088549
RG093,medium,False,6,3,2,D3-2:strong-remote,2,3,1,2,0.031974,0.0,0.202874,0.024675,0.02275,0.078414,0.078414,0.0,0.029486
RG093,low,False,6,3,2,D3-2:strong-remote,2,3,1,2,0.001877,0.0,0.047592,0.001864,0.001216,0.004368,0.004368,0.0,0.001611
RG094,high,False,6,3,2,D3-2:strong-remote,2,3,0,2,0.159902,0.0,0.431834,0.039807,0.297811,0.495321,0.495321,0.0,0.117877
RG094,medium,False,6,3,2,D3-2:strong-remote,2,3,0,2,0.050697,0.0,0.262267,0.015135,0.085572,0.166454,0.166454,0.0,0.036846
RG094,low,False,6,3,2,D3-2:strong-remote,2,3,0,2,0.002818,0.0,0.061077,0.000762,0.005008,0.009656,0.009656,0.0,0.001912
RG095,high,False,6,3,2,D3-2:strong-remote,2,3,1,2,0.10356,0.0,0.376116,0.033793,0.14569,0.285775,0.285775,0.0,0.091791
RG095,medium,False,6,3,2,D3-2:strong-remote,2,3,1,2,0.030591,0.0,0.199976,0.019898,0.027071,0.075854,0.075854,0.0,0.029102
RG095,low,False,6,3,2,D3-2:strong-remote,2,3,1,2,0.001716,0.0,0.045857,0.001582,0.001272,0.004031,0.004031,0.0,0.001493
RG096,high,False,6,3,2,D3-1:tree-like-remote,2,2,0,2,0.118194,0.0,0.369038,0.022164,0.245849,0.382838,0.382838,0.0,0.08084
RG096,medium,False,6,3,2,D3-1:tree-like-remote,2,2,0,2,0.026018,0.0,0.170406,0.002696,0.061961,0.088937,0.088937,0.0,0.016278
RG096,low,False,6,3,2,D3-1:tree-like-remote,2,2,0,2,0.001262,0.0,0.036882,6.8e-05,0.00339,0.004412,0.004412,0.0,0.000688
RG097,high,False,6,3,2,D3-2:strong-remote,2,3,0,2,0.106417,0.001547,0.349678,0.017558,0.288136,0.188481,0.415091,0.062071,0.068556
RG097,medium,False,6,3,2,D3-2:strong-remote,2,3,0,2,0.025379,0.000715,0.167313,0.001457,0.075322,0.063329,0.094174,0.004342,0.015751
RG097,low,False,6,3,2,D3-2:strong-remote,2,3,0,2,0.00135,2e-06,0.037468,1.4e-05,0.004179,0.004163,0.004631,2.1e-05,0.000763
RG098,high,False,6,3,2,D3-2:strong-remote,2,3,1,2,0.061896,0.001223,0.258823,0.028131,0.063752,0.19772,0.164082,0.015863,0.051961
RG098,medium,False,6,3,2,D3-2:strong-remote,2,3,1,2,0.011717,0.000114,0.123139,0.000114,0.02629,0.046715,0.027587,0.002995,0.007871
RG098,low,False,6,3,2,D3-2:strong-remote,2,3,1,2,0.000492,1.9e-05,0.025418,4.9e-05,0.001119,0.002104,0.000776,0.000326,0.000285
RG099,high,False,6,3,2,D3-2:strong-remote,2,2,1,2,0.044696,0.0,0.204484,0.065271,0.051315,0.066226,0.066226,0.0,0.044817
RG099,medium,False,6,3,2,D3-2:strong-remote,2,2,1,2,0.00662,0.0,0.085123,0.003924,0.014309,0.015113,0.015113,0.0,0.005812
RG099,low,False,6,3,2,D3-2:strong-remote,2,2,1,2,0.000236,0.0,0.015695,4.3e-05,0.000794,0.000585,0.000585,0.0,0.000144
RG100,high,False,6,3,2,D3-1:tree-like-remote,2,2,0,2,0.156809,0.0,0.421597,0.02184,0.344614,0.477296,0.477296,0.0,0.120825
RG100,medium,False,6,3,2,D3-1:tree-like-remote,2,2,0,2,0.030152,0.0,0.190631,0.002978,0.072926,0.101466,0.101466,0.0,0.019601
RG100,low,False,6,3,2,D3-1:tree-like-remote,2,2,0,2,0.001346,0.0,0.038535,7.6e-05,0.003592,0.004694,0.004694,0.0,0.000748
RG101,high,False,6,3,2,D3-2:strong-remote,2,3,0,2,0.113641,0.001195,0.361878,0.024913,0.294443,0.185537,0.447983,0.079855,0.07369
RG101,medium,False,6,3,2,D3-2:strong-remote,2,3,0,2,0.026845,0.000407,0.178708,0.002081,0.078352,0.061555,0.104265,0.006146,0.016787
RG101,low,False,6,3,2,D3-2:strong-remote,2,3,0,2,0.001392,1e-06,0.038432,2.2e-05,0.004278,0.004157,0.004906,3.1e-05,0.000795
RG102,high,False,6,3,2,D3-2:strong-remote,2,4,0,2,0.04946,0.000687,0.222543,0.013721,0.055734,0.177502,0.117851,0.013408,0.040688
RG102,medium,False,6,3,2,D3-2:strong-remote,2,4,0,2,0.011799,8.3e-05,0.122247,8.3e-05,0.025932,0.046477,0.02878,0.002526,0.008163
RG102,low,False,6,3,2,D3-2:strong-remote,2,4,0,2,0.000616,0.0,0.027385,0.0,0.001335,0.002542,0.001311,0.000221,0.000407
RG103,high,False,6,3,2,D3-2:strong-remote,2,4,1,2,0.055251,0.000911,0.244473,0.009124,0.151799,0.131162,0.222471,0.015651,0.031727
RG103,medium,False,6,3,2,D3-2:strong-remote,2,4,1,2,0.009758,6e-06,0.104743,0.000366,0.028044,0.028828,0.034669,0.000281,0.006181
RG103,low,False,6,3,2,D3-2:strong-remote,2,4,1,2,0.000405,0.0,0.020856,3e-06,0.001249,0.001254,0.001374,3e-06,0.000239
RG104,high,False,6,3,2,D3-2:strong-remote,2,3,1,2,0.062538,0.001119,0.261651,0.033692,0.062172,0.201286,0.17335,0.002386,0.053029
RG104,medium,False,6,3,2,D3-2:strong-remote,2,3,1,2,0.012811,0.000305,0.132574,0.001032,0.025902,0.048962,0.036273,0.001122,0.008891
RG104,low,False,6,3,2,D3-2:strong-remote,2,3,1,2,0.000557,7e-06,0.026567,3.5e-05,0.001192,0.002237,0.001412,0.000127,0.000353
RG105,high,False,6,3,2,D3-2:strong-remote,2,2,1,2,0.125823,0.0,0.378494,0.004441,0.325586,0.388963,0.388963,0.0,0.092643
RG105,medium,False,6,3,2,D3-2:strong-remote,2,2,1,2,0.025621,0.0,0.17117,0.001316,0.067694,0.086417,0.086417,0.0,0.015836
RG105,low,False,6,3,2,D3-2:strong-remote,2,2,1,2,0.00126,0.0,0.036868,6.3e-05,0.003415,0.004396,0.004396,0.0,0.000685
RG106,high,False,6,3,2,D3-1:tree-like-remote,2,2,0,2,0.131497,0.0,0.392956,0.025505,0.267986,0.419335,0.419335,0.0,0.09233
RG106,medium,False,6,3,2,D3-1:tree-like-remote,2,2,0,2,0.028804,0.0,0.187151,0.003797,0.065862,0.0989,0.0989,0.0,0.018166
RG106,low,False,6,3,2,D3-1:tree-like-remote,2,2,0,2,0.001331,0.0,0.038422,8.8e-05,0.00349,0.004675,0.004675,0.0,0.000735
RG107,high,False,6,3,2,D3-2:strong-remote,2,2,1,2,0.09003,0.0,0.352104,0.028185,0.136031,0.260759,0.260759,0.0,0.07468
RG107,medium,False,6,3,2,D3-2:strong-remote,2,2,1,2,0.011583,0.0,0.124136,0.002889,0.019784,0.036189,0.036189,0.0,0.009151
RG107,low,False,6,3,2,D3-2:strong-remote,2,2,1,2,0.000331,0.0,0.018639,3e-05,0.000819,0.001141,0.001141,0.0,0.000188
RG108,high,False,6,3,1,D3-1:tree-like-remote,2,2,0,2,0.144365,0.0,0.409155,0.027835,0.295895,0.452844,0.452844,0.0,0.106428
RG108,medium,False,6,3,1,D3-1:tree-like-remote,2,2,0,2,0.024806,0.0,0.168895,0.002274,0.061414,0.085357,0.085357,0.0,0.015004
RG108,low,False,6,3,1,D3-1:tree-like-remote,2,2,0,2,0.001262,0.0,0.036828,6.6e-05,0.003398,0.004403,0.004403,0.0,0.000688
RG109,high,False,6,3,1,D3-2:strong-remote,2,3,0,2,0.171988,0.0,0.442911,0.042227,0.323124,0.526426,0.526426,0.0,0.132224
RG109,medium,False,6,3,1,D3-2:strong-remote,2,3,0,2,0.043677,0.0,0.241257,0.011255,0.079599,0.145886,0.145886,0.0,0.030927
RG109,low,False,6,3,1,D3-2:strong-remote,2,3,0,2,0.002698,0.0,0.059522,0.0007,0.004903,0.009288,0.009288,0.0,0.001822
RG110,high,False,6,3,1,D3-2:strong-remote,2,4,0,2,0.181251,0.0,0.451022,0.044513,0.340421,0.548088,0.548088,0.0,0.1418
RG110,medium,False,6,3,1,D3-2:strong-remote,2,4,0,2,0.062068,0.0,0.290826,0.021742,0.095846,0.199262,0.199262,0.0,0.047554
RG110,low,False,6,3,1,D3-2:strong-remote,2,4,0,2,0.004731,0.0,0.080943,0.001971,0.006428,0.015455,0.015455,0.0,0.003584
RG111,high,False,6,3,1,D3-2:strong-remote,2,5,0,2,0.154745,0.005379,0.421571,0.033863,0.379041,0.308173,0.562425,0.06369,0.115753
RG111,medium,False,6,3,1,D3-2:strong-remote,2,5,0,2,0.06409,0.000858,0.29535,0.023584,0.125153,0.1452,0.243805,0.015543,0.051101
RG111,low,False,6,3,1,D3-2:strong-remote,2,5,0,2,0.004678,0.000418,0.081441,0.001896,0.008018,0.012232,0.017635,0.000501,0.003684
RG112,high,True,6,3,1,D3-2:strong-remote,2,6,0,2,0.19984,0.000459,0.459386,0.011103,0.479272,0.559631,0.577396,0.000459,0.174336
RG112,medium,True,6,3,1,D3-2:strong-remote,2,6,0,2,0.079244,0.000578,0.326307,0.015054,0.152569,0.230467,0.250982,0.000578,0.069193
RG112,low,True,6,3,1,D3-2:strong-remote,2,6,0,2,0.005688,1e-06,0.089105,0.001434,0.009449,0.017893,0.01817,1e-06,0.004765
RG113,high,False,6,3,1,D3-2:strong-remote,2,4,0,2,0.170797,0.002356,0.442246,0.035121,0.351949,0.497796,0.539015,0.002356,0.134339
RG113,medium,False,6,3,1,D3-2:strong-remote,2,4,0,2,0.047118,2.6e-05,0.25083,0.00871,0.092595,0.155569,0.153576,2.6e-05,0.035007
RG113,low,False,6,3,1,D3-2:strong-remote,2,4,0,2,0.002904,2e-06,0.061617,0.000495,0.005962,0.009657,0.009874,2e-06,0.002074
RG114,high,True,6,3,1,D3-2:strong-remote,2,5,0,2,0.190857,0.002283,0.453926,0.013837,0.457767,0.527304,0.569727,0.002283,0.163442
RG114,medium,True,6,3,1,D3-2:strong-remote,2,5,0,2,0.064645,0.000431,0.295433,0.010857,0.131154,0.192622,0.209304,0.000431,0.053757
RG114,low,True,6,3,1,D3-2:strong-remote,2,5,0,2,0.004033,1e-06,0.073912,0.000722,0.007638,0.013274,0.013022,1e-06,0.003153
RG115,high,False,6,3,1,D3-2:strong-remote,2,5,1,2,0.089907,0.002138,0.347882,0.059937,0.164186,0.150895,0.315971,0.05273,0.068265
RG115,medium,False,6,3,1,D3-2:strong-remote,2,5,1,2,0.031863,0.001819,0.204689,0.034938,0.028743,0.065282,0.08483,0.001893,0.027463
RG115,low,False,6,3,1,D3-2:strong-remote,2,5,1,2,0.001965,3.9e-05,0.050105,0.00232,0.001668,0.004041,0.004772,3.9e-05,0.001648
RG116,high,False,6,3,1,D3-2:strong-remote,2,4,1,2,0.108338,0.009855,0.380335,0.068604,0.193647,0.2043,0.359403,0.03733,0.087275
RG116,medium,False,6,3,1,D3-2:strong-remote,2,4,1,2,0.03441,0.001382,0.222369,0.023852,0.038282,0.08148,0.096312,0.001382,0.030719
RG116,low,False,6,3,1,D3-2:strong-remote,2,4,1,2,0.001914,1.5e-05,0.050365,0.001423,0.001896,0.004632,0.004955,1.5e-05,0.001753
RG117,high,False,6,3,1,D3-2:strong-remote,2,4,0,2,0.165672,0.008591,0.436945,0.036483,0.354263,0.457197,0.544681,0.008591,0.129512
RG117,medium,False,6,3,1,D3-2:strong-remote,2,4,0,2,0.051425,0.000337,0.264556,0.013396,0.095484,0.160917,0.174004,0.000337,0.038745
RG117,low,False,6,3,1,D3-2:strong-remote,2,4,0,2,0.003967,0.00014,0.074457,0.000922,0.006138,0.014473,0.011785,0.00014,0.002936
RG118,high,False,6,3,1,D3-2:strong-remote,2,4,1,2,0.077528,0.003158,0.324867,0.05888,0.119005,0.103505,0.275619,0.1326,0.049366
RG118,medium,False,6,3,1,D3-2:strong-remote,2,4,1,2,0.021873,0.000954,0.161365,0.03208,0.020178,0.017989,0.070068,0.054673,0.013954
RG118,low,False,6,3,1,D3-2:strong-remote,2,4,1,2,0.001245,1e-05,0.037268,0.0022,0.001242,0.00104,0.003763,0.00292,0.000766
RG119,high,False,6,3,1,D3-2:strong-remote,2,3,1,2,0.130504,0.0,0.411711,0.077499,0.187412,0.343805,0.343805,0.0,0.103556
RG119,medium,False,6,3,1,D3-2:strong-remote,2,3,1,2,0.033839,0.0,0.219155,0.027366,0.03309,0.0883,0.0883,0.0,0.028007
RG119,low,False,6,3,1,D3-2:strong-remote,2,3,1,2,0.001768,0.0,0.048145,0.001668,0.001445,0.004391,0.004391,0.0,0.001473
RG120,high,False,6,3,1,D3-2:strong-remote,2,3,0,2,0.141381,0.004764,0.405446,0.024069,0.326519,0.393419,0.476195,0.009318,0.106071
RG120,medium,False,6,3,1,D3-2:strong-remote,2,3,0,2,0.032459,0.00017,0.201209,0.003335,0.075401,0.110374,0.108198,0.00017,0.02171
RG120,low,False,6,3,1,D3-2:strong-remote,2,3,0,2,0.002108,8.7e-05,0.052064,0.000136,0.004427,0.008423,0.00611,0.000188,0.001336
RG121,high,False,6,3,1,D3-2:strong-remote,2,4,0,2,0.185545,0.005308,0.451292,0.01155,0.416796,0.564299,0.522635,0.005308,0.154493
RG121,medium,False,6,3,1,D3-2:strong-remote,2,4,0,2,0.058977,0.002904,0.283796,0.002904,0.10435,0.228812,0.13953,0.013317,0.045458
RG121,low,False,6,3,1,D3-2:strong-remote,2,4,0,2,0.003643,8.8e-05,0.07028,8.8e-05,0.00561,0.015996,0.007093,0.001808,0.00254
RG122,high,False,6,3,1,D3-2:strong-remote,2,4,1,2,0.084625,0.005179,0.341528,0.046846,0.156384,0.152532,0.289862,0.109479,0.054598
RG122,medium,False,6,3,1,D3-2:strong-remote,2,4,1,2,0.011822,0.000773,0.127855,0.005125,0.023451,0.025798,0.040257,0.013524,0.00743
RG122,low,False,6,3,1,D3-2:strong-remote,2,4,1,2,0.000424,1.5e-05,0.022088,2.4e-05,0.001212,0.001375,0.001303,7.5e-05,0.000254
RG123,high,False,6,3,1,D3-2:strong-remote,2,3,1,2,0.128994,0.001716,0.410019,0.033821,0.211883,0.36128,0.331241,0.001716,0.113346
RG123,medium,False,6,3,1,D3-2:strong-remote,2,3,1,2,0.033366,0.002314,0.22099,0.007802,0.035122,0.112818,0.064796,0.008664,0.029094
RG123,low,False,6,3,1,D3-2:strong-remote,2,3,1,2,0.001427,5.6e-05,0.043319,0.000216,0.001322,0.004956,0.002094,0.000975,0.001113
RG124,high,False,6,3,1,D3-2:strong-remote,2,2,1,2,0.060858,0.0,0.244181,0.066175,0.033789,0.175416,0.175416,0.0,0.048827
RG124,medium,False,6,3,1,D3-2:strong-remote,2,2,1,2,0.011618,0.0,0.122075,0.003438,0.020234,0.039988,0.039988,0.0,0.008004
RG124,low,False,6,3,1,D3-2:strong-remote,2,2,1,2,0.000416,0.0,0.021836,4.5e-05,0.000963,0.001422,0.001422,0.0,0.000246
RG125,high,False,6,3,1,D3-2:strong-remote,2,4,0,2,0.182746,0.003743,0.448303,0.016735,0.436899,0.497796,0.562665,0.00489,0.153504
RG125,medium,False,6,3,1,D3-2:strong-remote,2,4,0,2,0.053702,0.00146,0.26935,0.009726,0.114226,0.155569,0.184365,0.00146,0.042338
RG125,low,False,6,3,1,D3-2:strong-remote,2,4,0,2,0.003043,2.3e-05,0.063482,0.000545,0.006364,0.009657,0.010609,2.3e-05,0.002209
RG126,high,False,6,3,1,D3-2:strong-remote,2,4,1,2,0.09306,0.003493,0.35257,0.042101,0.182486,0.140001,0.32597,0.064438,0.075909
RG126,medium,False,6,3,1,D3-2:strong-remote,2,4,1,2,0.026164,0.003073,0.191182,0.018107,0.035682,0.048817,0.078154,0.00366,0.024785
RG126,low,False,6,3,1,D3-2:strong-remote,2,4,1,2,0.001757,4e-05,0.048079,0.001401,0.001847,0.003829,0.004648,4e-05,0.00163
RG127,high,False,6,3,1,D3-2:strong-remote,2,3,0,2,0.164592,0.0,0.436442,0.031146,0.327768,0.504926,0.504926,0.0,0.125334
RG127,medium,False,6,3,1,D3-2:strong-remote,2,3,0,2,0.052272,0.0,0.266463,0.014893,0.08945,0.170904,0.170904,0.0,0.038621
RG127,low,False,6,3,1,D3-2:strong-remote,2,3,0,2,0.002906,0.0,0.062124,0.000805,0.005102,0.009936,0.009936,0.0,0.001992
RG128,high,False,6,3,1,D3-2:strong-remote,2,3,1,2,0.09913,0.0,0.370031,0.048517,0.130171,0.276853,0.276853,0.0,0.080894
RG128,medium,False,6,3,1,D3-2:strong-remote,2,3,1,2,0.025612,0.0,0.187307,0.020056,0.022661,0.065217,0.065217,0.0,0.022297
RG128,low,False,6,3,1,D3-2:strong-remote,2,3,1,2,0.00161,0.0,0.045119,0.001522,0.001243,0.003893,0.003893,0.0,0.001364
RG129,high,False,6,3,1,D3-1:tree-like-remote,2,2,0,2,0.074846,0.0,0.31032,0.017311,0.159778,0.227231,0.227231,0.0,0.053146
RG129,medium,False,6,3,1,D3-1:tree-like-remote,2,2,0,2,0.009286,0.0,0.10116,0.000772,0.023257,0.031302,0.031302,0.0,0.005881
RG129,low,False,6,3,1,D3-1:tree-like-remote,2,2,0,2,0.000354,0.0,0.01974,1.9e-05,0.000953,0.001233,0.001233,0.0,0.000197
RG130,high,False,6,3,1,D3-2:strong-remote,2,3,0,2,0.156463,0.001418,0.427198,0.022746,0.322373,0.495321,0.469724,0.001418,0.118178
RG130,medium,False,6,3,1,D3-2:strong-remote,2,3,0,2,0.043703,0.003091,0.242819,0.00417,0.082147,0.166454,0.11977,0.00599,0.030829
RG130,low,False,6,3,1,D3-2:strong-remote,2,3,0,2,0.002336,0.000114,0.055491,0.000143,0.004537,0.009656,0.006277,0.000378,0.001501
RG131,high,False,6,3,1,D3-2:strong-remote,2,4,0,2,0.175199,0.000383,0.43986,0.01701,0.432168,0.451794,0.559494,0.012452,0.145388
RG131,medium,False,6,3,1,D3-2:strong-remote,2,4,0,2,0.048158,0.000148,0.25247,0.009908,0.110705,0.118441,0.180755,0.007647,0.036708
RG131,low,False,6,3,1,D3-2:strong-remote,2,4,0,2,0.002632,2.7e-05,0.058522,0.000568,0.006068,0.0069,0.010328,0.000348,0.00183
RG132,high,False,6,3,1,D3-2:strong-remote,2,4,1,2,0.05908,4.5e-05,0.250192,0.005107,0.178026,0.109728,0.231636,0.028568,0.034835
RG132,medium,False,6,3,1,D3-2:strong-remote,2,4,1,2,0.009008,0.000138,0.102498,0.000516,0.027344,0.017329,0.03519,0.003235,0.005426
RG132,low,False,6,3,1,D3-2:strong-remote,2,4,1,2,0.000403,2e-06,0.021473,2e-06,0.001349,0.000809,0.001449,9.3e-05,0.000234
RG133,high,False,6,3,1,D3-2:strong-remote,2,3,1,2,0.104877,0.000248,0.377411,0.022753,0.17662,0.285775,0.2903,0.000248,0.095587
RG133,medium,False,6,3,1,D3-2:strong-remote,2,3,1,2,0.024749,0.002076,0.183409,0.004191,0.029685,0.075854,0.047525,0.008348,0.022588
RG133,low,False,6,3,1,D3-2:strong-remote,2,3,1,2,0.001194,4.8e-05,0.038167,0.000128,0.001173,0.004031,0.001309,0.001099,0.000936
RG134,high,False,6,3,1,D3-2:strong-remote,2,2,1,2,0.085107,0.0,0.337946,0.030553,0.162262,0.244843,0.244843,0.0,0.062925
RG134,medium,False,6,3,1,D3-2:strong-remote,2,2,1,2,0.00864,0.0,0.102004,0.001249,0.022974,0.026858,0.026858,0.0,0.005594
RG134,low,False,6,3,1,D3-2:strong-remote,2,2,1,2,0.00024,0.0,0.01507,1.8e-05,0.00087,0.000683,0.000683,0.0,0.000124
RG135,high,False,6,3,1,D3-2:strong-remote,2,3,0,2,0.179127,0.003797,0.447141,0.014788,0.394553,0.548403,0.515608,0.003797,0.146529
RG135,medium,False,6,3,1,D3-2:strong-remote,2,3,0,2,0.046234,0.003263,0.2505,0.00407,0.090672,0.171018,0.130477,0.003263,0.033939
RG135,low,False,6,3,1,D3-2:strong-remote,2,3,0,2,0.002378,0.000116,0.056019,0.00015,0.00469,0.009699,0.006514,0.000319,0.001548
RG136,high,False,6,3,1,D3-2:strong-remote,2,3,1,2,0.086328,0.003194,0.340869,0.038013,0.165697,0.207771,0.289868,0.023648,0.065551
RG136,medium,False,6,3,1,D3-2:strong-remote,2,3,1,2,0.016253,0.000501,0.152406,0.004801,0.025054,0.050715,0.044142,0.000501,0.013253
RG136,low,False,6,3,1,D3-2:strong-remote,2,3,1,2,0.001044,3e-05,0.03697,0.000159,0.001171,0.003552,0.001774,0.000613,0.000797
RG137,high,False,6,3,1,D3-1:tree-like-remote,2,2,0,2,0.134621,0.0,0.394991,0.023207,0.279977,0.426971,0.426971,0.0,0.096954
RG137,medium,False,6,3,1,D3-1:tree-like-remote,2,2,0,2,0.028274,0.0,0.18231,0.003127,0.066503,0.096422,0.096422,0.0,0.018005
RG137,low,False,6,3,1,D3-1:tree-like-remote,2,2,0,2,0.001324,0.0,0.038173,8.1e-05,0.003502,0.004636,0.004636,0.0,0.000732
RG138,high,False,6,3,1,D3-2:strong-remote,2,2,1,2,0.096533,0.0,0.363613,0.026532,0.163908,0.273999,0.273999,0.0,0.081392
RG138,medium,False,6,3,1,D3-2:strong-remote,2,2,1,2,0.012211,0.0,0.127414,0.00254,0.024004,0.037035,0.037035,0.0,0.009708
RG138,low,False,6,3,1,D3-2:strong-remote,2,2,1,2,0.000295,0.0,0.017514,1.4e-05,0.000885,0.000934,0.000934,0.0,0.000168
RG139,high,True,6,3,1,D3-1:tree-like-remote,2,2,0,2,0.156505,0.0,0.423265,0.0141,0.358025,0.477142,0.477142,0.0,0.123256
RG139,medium,True,6,3,1,D3-1:tree-like-remote,2,2,0,2,0.030685,0.0,0.193232,0.002626,0.074328,0.103308,0.103308,0.0,0.020186
RG139,low,True,6,3,1,D3-1:tree-like-remote,2,2,0,2,0.001372,0.0,0.039033,8e-05,0.003634,0.004787,0.004787,0.0,0.000767
RG140,high,False,6,3,1,D3-2:strong-remote,2,2,1,2,0.131968,0.0,0.386756,0.004299,0.340146,0.404797,0.404797,0.0,0.099891
RG140,medium,False,6,3,1,D3-2:strong-remote,2,2,1,2,0.026295,0.0,0.173773,0.00129,0.069195,0.088438,0.088438,0.0,0.016467
RG140,low,False,6,3,1,D3-2:strong-remote,2,2,1,2,0.001283,0.0,0.037332,6.7e-05,0.003456,0.004481,0.004481,0.0,0.000702
RG141,high,False,6,3,0,D3-1:tree-like-remote,2,2,0,2,0.136365,0.0,0.39792,0.013578,0.312944,0.427684,0.427684,0.0,0.102087
RG141,medium,False,6,3,0,D3-1:tree-like-remote,2,2,0,2,0.024536,0.0,0.166768,0.001578,0.06316,0.083736,0.083736,0.0,0.014911
RG141,low,False,6,3,0,D3-1:tree-like-remote,2,2,0,2,0.001276,0.0,0.037046,6.4e-05,0.003443,0.004441,0.004441,0.0,0.000698
RG142,high,False,6,3,0,D3-2:strong-remote,2,3,0,2,0.161288,0.005947,0.431442,0.013662,0.342553,0.526426,0.459129,0.005947,0.126076
RG142,medium,False,6,3,0,D3-2:strong-remote,2,3,0,2,0.037716,0.001943,0.223397,0.002456,0.076795,0.145886,0.105133,0.003816,0.025919
RG142,low,False,6,3,0,D3-2:strong-remote,2,3,0,2,0.002246,8.4e-05,0.054128,0.000125,0.004458,0.009288,0.006074,0.000343,0.001437
RG143,high,False,6,3,0,D3-2:strong-remote,2,4,0,2,0.168122,0.008815,0.437532,0.011,0.361159,0.548088,0.465687,0.008815,0.133795
RG143,medium,False,6,3,0,D3-2:strong-remote,2,4,0,2,0.049057,0.001634,0.257259,0.001634,0.088115,0.199262,0.112252,0.014512,0.035602
RG143,low,False,6,3,0,D3-2:strong-remote,2,4,0,2,0.003478,6.8e-05,0.068303,6.8e-05,0.005337,0.015455,0.006606,0.001874,0.00239
RG144,high,True,6,3,0,D3-2:strong-remote,2,5,0,2,0.170724,0.001171,0.438442,0.011141,0.388862,0.527304,0.494545,0.001171,0.139571
RG144,medium,True,6,3,0,D3-2:strong-remote,2,5,0,2,0.051442,0.002543,0.264136,0.002543,0.102407,0.192622,0.134874,0.006078,0.039518
RG144,low,True,6,3,0,D3-2:strong-remote,2,5,0,2,0.003353,0.00014,0.067391,0.00014,0.006541,0.013274,0.008582,0.000516,0.00248
RG145,high,False,6,3,0,D3-2:strong-remote,2,6,0,2,0.178423,0.004463,0.44565,0.008992,0.402443,0.559631,0.497452,0.004463,0.147937
RG145,medium,False,6,3,0,D3-2:strong-remote,2,6,0,2,0.059891,0.001856,0.284876,0.001856,0.111975,0.230467,0.14058,0.013382,0.047454
RG145,low,False,6,3,0,D3-2:strong-remote,2,6,0,2,0.004327,0.000101,0.077226,0.000101,0.007437,0.017893,0.009266,0.001427,0.003339
RG146,high,False,6,3,0,D3-2:strong-remote,2,6,1,2,0.000387,3e-06,0.001611,1.2e-05,0.001204,0.000279,0.001326,0.00049,0.000209
RG146,medium,False,6,3,0,D3-2:strong-remote,2,6,1,2,0.004957,1.7e-05,0.037023,0.000617,0.013624,0.006835,0.019382,0.003592,0.003479
RG146,low,False,6,3,0,D3-2:strong-remote,2,6,1,2,0.000623,1.8e-05,0.025243,1.8e-05,0.001878,0.001365,0.002266,0.000114,0.000448
RG147,high,False,6,3,0,D3-2:strong-remote,2,5,1,2,0.08303,0.004164,0.33559,0.037882,0.175848,0.150895,0.293768,0.035751,0.063087
RG147,medium,False,6,3,0,D3-2:strong-remote,2,5,1,2,0.022601,0.001091,0.175967,0.005704,0.030253,0.065282,0.044706,0.008346,0.018294
RG147,low,False,6,3,0,D3-2:strong-remote,2,5,1,2,0.001311,3.8e-05,0.040725,0.000199,0.001567,0.004041,0.00175,0.001052,0.000989
RG148,high,False,6,3,0,D3-2:strong-remote,2,4,1,2,0.082865,0.006822,0.332934,0.036312,0.168784,0.191004,0.27519,0.074562,0.05407
RG148,medium,False,6,3,0,D3-2:strong-remote,2,4,1,2,0.011485,0.000664,0.121834,0.001845,0.026471,0.036436,0.035455,0.00518,0.007493
RG148,low,False,6,3,0,D3-2:strong-remote,2,4,1,2,0.00045,5e-06,0.022531,5e-06,0.001284,0.001604,0.001297,3.8e-05,0.000276
RG149,high,False,6,3,0,D3-2:strong-remote,2,4,0,2,0.162919,9.8e-05,0.430166,0.013478,0.371527,0.497796,0.48812,9.8e-05,0.130802
RG149,medium,False,6,3,0,D3-2:strong-remote,2,4,0,2,0.042653,0.00213,0.238162,0.00296,0.090075,0.155569,0.123559,0.00213,0.031158
RG149,low,False,6,3,0,D3-2:strong-remote,2,4,0,2,0.002558,0.000128,0.057718,0.000163,0.005516,0.009657,0.007566,0.000129,0.001767
RG150,high,False,6,3,0,D3-2:strong-remote,2,4,1,2,0.069925,0.001679,0.311748,0.036252,0.132688,0.140001,0.248862,0.024891,0.053537
RG150,medium,False,6,3,0,D3-2:strong-remote,2,4,1,2,0.017617,0.001005,0.15572,0.005547,0.024638,0.048817,0.040067,0.002579,0.015442
RG150,low,False,6,3,0,D3-2:strong-remote,2,4,1,2,0.001267,5.7e-05,0.040981,0.000363,0.001479,0.003829,0.002357,0.000345,0.001116
RG151,high,False,6,3,0,D3-2:strong-remote,2,4,0,2,0.156724,0.001083,0.422983,0.013755,0.372056,0.457197,0.489844,0.001083,0.125082
RG151,medium,False,6,3,0,D3-2:strong-remote,2,4,0,2,0.044358,0.002061,0.243831,0.003562,0.091666,0.160917,0.128918,0.002061,0.032674
RG151,low,False,6,3,0,D3-2:strong-remote,2,4,0,2,0.003438,0.000144,0.06875,0.000207,0.005607,0.014473,0.007959,0.000978,0.002428
RG152,high,False,6,3,0,D3-2:strong-remote,2,4,1,2,0.066818,0.003837,0.304183,0.031292,0.132095,0.103505,0.249373,0.088103,0.041758
RG152,medium,False,6,3,0,D3-2:strong-remote,2,4,1,2,0.00881,0.000604,0.106275,0.001707,0.022934,0.017989,0.033182,0.006473,0.005266
RG152,low,False,6,3,0,D3-2:strong-remote,2,4,1,2,0.000375,5e-06,0.020099,5e-06,0.001238,0.00104,0.001232,2.9e-05,0.000216
RG153,high,False,6,3,0,D3-2:strong-remote,2,3,1,2,0.119999,0.002297,0.399236,0.038085,0.192116,0.343805,0.313061,0.002297,0.099685
RG153,medium,False,6,3,0,D3-2:strong-remote,2,3,1,2,0.025694,0.001233,0.192849,0.005462,0.029213,0.0883,0.051423,0.008356,0.020931
RG153,low,False,6,3,0,D3-2:strong-remote,2,3,1,2,0.001264,3.5e-05,0.04037,0.000164,0.001237,0.004391,0.001866,0.000971,0.000958
RG154,high,False,6,3,0,D3-2:strong-remote,2,2,1,2,0.109457,0.0,0.348217,0.002756,0.294433,0.344044,0.344044,0.0,0.077372
RG154,medium,False,6,3,0,D3-2:strong-remote,2,2,1,2,0.020789,0.0,0.147105,0.000587,0.058427,0.070232,0.070232,0.0,0.011948
RG154,low,False,6,3,0,D3-2:strong-remote,2,2,1,2,0.001192,0.0,0.035352,5.2e-05,0.00327,0.004147,0.004147,0.0,0.000638
RG155,high,False,6,3,0,D3-2:strong-remote,2,3,0,2,0.120366,0.00036,0.377174,0.021084,0.252182,0.393826,0.388515,0.00036,0.08318
RG155,medium,False,6,3,0,D3-2:strong-remote,2,3,0,2,0.029954,0.001451,0.193901,0.002177,0.066176,0.113463,0.090836,0.001803,0.019136
RG155,low,False,6,3,0,D3-2:strong-remote,2,3,0,2,0.002105,7.7e-05,0.052122,0.000116,0.004274,0.008692,0.005794,0.000298,0.00132
RG156,high,False,6,3,0,D3-2:strong-remote,2,3,1,2,0.09838,0.000718,0.368372,0.028761,0.159863,0.276853,0.276442,0.000718,0.083538
RG156,medium,False,6,3,0,D3-2:strong-remote,2,3,1,2,0.020497,0.001109,0.169536,0.003741,0.02537,0.065217,0.041376,0.007852,0.017134
RG156,low,False,6,3,0,D3-2:strong-remote,2,3,1,2,0.001133,3.1e-05,0.037437,0.000113,0.001141,0.003893,0.001422,0.001022,0.000861
RG157,high,False,6,3,0,D3-1:tree-like-remote,2,2,0,2,0.102489,0.0,0.342532,0.017506,0.221843,0.340879,0.340879,0.0,0.067057
RG157,medium,False,6,3,0,D3-1:tree-like-remote,2,2,0,2,0.020383,0.0,0.146783,0.001275,0.053526,0.070551,0.070551,0.0,0.011581
RG157,low,False,6,3,0,D3-1:tree-like-remote,2,2,0,2,0.001209,0.0,0.035749,5.8e-05,0.003286,0.004217,0.004217,0.0,0.00065
RG158,high,False,6,3,0,D3-2:strong-remote,2,2,1,2,0.087078,0.0,0.343216,0.027109,0.151592,0.256732,0.256732,0.0,0.06792
RG158,medium,False,6,3,0,D3-2:strong-remote,2,2,1,2,0.009026,0.0,0.10431,0.001255,0.020769,0.029554,0.029554,0.0,0.006079
RG158,low,False,6,3,0,D3-2:strong-remote,2,2,1,2,0.000271,0.0,0.015964,3e-06,0.000853,0.000875,0.000875,0.0,0.000143
RG159,high,False,6,2,1,D3-2:strong-remote,3,4,0,2,0.156469,0.0,0.343962,0.002457,0.469589,0.515044,0.515044,0.0,0.084219
RG159,medium,False,6,2,1,D3-2:strong-remote,3,4,0,2,0.07278,0.0,0.300333,0.014371,0.1534,0.249277,0.249277,0.0,0.045287
RG159,low,False,6,2,1,D3-2:strong-remote,3,4,0,2,0.004997,0.0,0.081696,0.001095,0.009877,0.017485,0.017485,0.0,0.003135
RG160,high,False,6,2,1,D3-2:strong-remote,3,4,1,2,0.091634,0.0,0.271439,0.002395,0.265058,0.299427,0.299427,0.0,0.050743
RG160,medium,False,6,2,1,D3-2:strong-remote,3,4,1,2,0.049643,0.0,0.251112,0.020498,0.075396,0.153322,0.153322,0.0,0.036497
RG160,low,False,6,2,1,D3-2:strong-remote,3,4,1,2,0.00354,0.0,0.06813,0.002323,0.003957,0.010457,0.010457,0.0,0.00263
RG161,high,False,6,2,1,D3-2:strong-remote,3,4,2,2,0.016767,-0.0,0.092693,0.002945,0.017038,0.033001,0.033001,0.0,0.016611
RG161,medium,False,6,2,1,D3-2:strong-remote,3,4,2,2,0.037873,0.0,0.206835,0.03281,0.013229,0.085357,0.085357,0.0,0.037166
RG161,low,False,6,2,1,D3-2:strong-remote,3,4,2,2,0.002671,0.0,0.057575,0.00321,0.000369,0.005747,0.005747,0.0,0.002381
RG162,high,False,6,2,1,D3-2:strong-remote,3,4,3,2,0.016837,-0.0,0.09283,0.002869,0.01732,0.033135,0.033135,0.0,0.016721
RG162,medium,False,6,2,1,D3-2:strong-remote,3,4,3,2,0.04025,0.0,0.212276,0.033788,0.014925,0.090867,0.090867,0.0,0.039754
RG162,low,False,6,2,1,D3-2:strong-remote,3,4,3,2,0.003139,0.0,0.062609,0.003713,0.000458,0.006771,0.006771,0.0,0.00281
RG163,high,False,6,2,1,D3-2:strong-remote,3,4,2,2,0.091689,0.0,0.271512,0.00236,0.265309,0.299541,0.299541,0.0,0.0508
RG163,medium,False,6,2,1,D3-2:strong-remote,3,4,2,2,0.050942,0.0,0.253757,0.021064,0.076262,0.156699,0.156699,0.0,0.037807
RG163,low,False,6,2,1,D3-2:strong-remote,3,4,2,2,0.00375,0.0,0.070048,0.002539,0.003937,0.010997,0.010997,0.0,0.002815
RG164,high,False,6,2,1,D3-2:strong-remote,3,4,1,2,0.059415,0.0,0.228571,0.034586,0.088064,0.151724,0.151724,0.0,0.053399
RG164,medium,False,6,2,1,D3-2:strong-remote,3,4,1,2,0.023234,0.0,0.145426,0.005988,0.043483,0.071273,0.071273,0.0,0.019144
RG164,low,False,6,2,1,D3-2:strong-remote,3,4,1,2,0.001805,0.0,0.04426,0.00042,0.003567,0.00593,0.00593,0.0,0.001308
RG165,high,False,6,2,1,D3-1:tree-like-remote,3,3,0,2,0.152816,0.0,0.340761,0.002843,0.455431,0.505174,0.505174,0.0,0.082104
RG165,medium,False,6,2,1,D3-1:tree-like-remote,3,3,0,2,0.051478,0.0,0.245922,0.004897,0.129377,0.179718,0.179718,0.0,0.028868
RG165,low,False,6,2,1,D3-1:tree-like-remote,3,3,0,2,0.002852,0.0,0.057018,0.000175,0.007602,0.010062,0.010062,0.0,0.001529
RG166,high,False,6,2,1,D3-2:strong-remote,3,3,1,2,0.066517,0.0,0.269823,0.042405,0.080518,0.217762,0.217762,0.0,0.046699
RG166,medium,False,6,2,1,D3-2:strong-remote,3,3,1,2,0.016692,0.0,0.135765,0.002532,0.038698,0.059185,0.059185,0.0,0.009194
RG166,low,False,6,2,1,D3-2:strong-remote,3,3,1,2,0.000932,0.0,0.028594,6.1e-05,0.002437,0.003255,0.003255,0.0,0.000497
RG167,high,False,6,2,1,D3-2:strong-remote,3,3,2,2,0.057779,0.0,0.219782,0.032311,0.088615,0.170223,0.170223,0.0,0.04438
RG167,medium,False,6,2,1,D3-2:strong-remote,3,3,2,2,0.018027,0.0,0.126842,0.004519,0.035354,0.059122,0.059122,0.0,0.013006
RG167,low,False,6,2,1,D3-2:strong-remote,3,3,2,2,0.001088,0.0,0.031849,0.000191,0.00248,0.003688,0.003688,0.0,0.000656
RG168,high,False,6,2,1,D3-2:strong-remote,3,3,3,2,0.009766,-0.0,0.070511,0.001523,0.009704,0.017963,0.017963,0.0,0.009211
RG168,medium,False,6,2,1,D3-2:strong-remote,3,3,3,2,0.016729,0.0,0.108507,0.015166,0.005564,0.037171,0.037171,0.0,0.016105
RG168,low,False,6,2,1,D3-2:strong-remote,3,3,3,2,0.00092,0.0,0.029799,0.00131,5.5e-05,0.001864,0.001864,0.0,0.000757
RG169,high,False,6,2,1,D3-2:strong-remote,3,3,1,2,0.045471,0.0,0.191025,0.016918,0.08767,0.135452,0.135452,0.0,0.034734
RG169,medium,False,6,2,1,D3-2:strong-remote,3,3,1,2,0.013193,0.0,0.101767,0.000835,0.034628,0.04156,0.04156,0.0,0.008897
RG169,low,False,6,2,1,D3-2:strong-remote,3,3,1,2,0.000822,0.0,0.024933,2.4e-05,0.002463,0.002523,0.002523,0.0,0.000454
RG170,high,False,6,2,1,D3-2:strong-remote,3,3,2,2,0.075256,0.0,0.245601,0.001012,0.226699,0.23835,0.23835,0.0,0.043213
RG170,medium,False,6,2,1,D3-2:strong-remote,3,3,2,2,0.020783,0.0,0.151599,0.00425,0.048068,0.061296,0.061296,0.0,0.014542
RG170,low,False,6,2,1,D3-2:strong-remote,3,3,2,2,0.000906,0.0,0.032593,0.000268,0.002313,0.002587,0.002587,0.0,0.000561
RG171,high,False,6,2,0,D3-1:tree-like-remote,3,3,0,2,0.03429,0.0,0.165774,0.014748,0.056138,0.109749,0.109749,0.0,0.021938
RG171,medium,False,6,2,0,D3-1:tree-like-remote,3,3,0,2,0.011899,0.0,0.105845,0.000566,0.03246,0.040433,0.040433,0.0,0.006129
RG171,low,False,6,2,0,D3-1:tree-like-remote,3,3,0,2,0.000858,0.0,0.02682,3.4e-05,0.002359,0.002957,0.002957,0.0,0.000448
RG172,high,False,6,2,0,D3-2:strong-remote,3,4,0,2,0.068752,0.000663,0.235,0.026779,0.13034,0.20079,0.218619,0.000663,0.052355
RG172,medium,False,6,2,0,D3-2:strong-remote,3,4,0,2,0.02472,0.000757,0.147001,0.002362,0.053238,0.090287,0.075737,0.000757,0.016876
RG172,low,False,6,2,0,D3-2:strong-remote,3,4,0,2,0.001694,6.4e-05,0.042704,0.000103,0.003348,0.006906,0.004611,0.000254,0.001104
RG173,high,False,6,2,0,D3-2:strong-remote,3,5,0,2,0.116799,0.002627,0.345808,0.0095,0.098773,0.374282,0.138897,0.12618,0.094177
RG173,medium,False,6,2,0,D3-2:strong-remote,3,5,0,2,0.037407,0.000437,0.19725,0.000525,0.047028,0.151659,0.056681,0.030926,0.029352
RG173,low,False,6,2,0,D3-2:strong-remote,3,5,0,2,0.002863,2.5e-05,0.056283,3.4e-05,0.003846,0.012605,0.004603,0.002228,0.002047
RG174,high,False,6,2,0,D3-2:strong-remote,3,6,0,2,0.012391,-0.0,0.111996,0.023887,0.001183,0.001003,0.03543,0.047895,0.008402
RG174,medium,False,6,2,0,D3-2:strong-remote,3,6,0,2,0.000932,-0.0,0.036602,0.000298,0.000362,0.000668,0.001316,0.003856,0.000547
RG174,low,False,6,2,0,D3-2:strong-remote,3,6,0,2,6e-06,0.0,0.00278,1e-06,2e-06,4e-06,4e-06,1.7e-05,3e-06
RG175,high,False,6,2,0,D3-2:strong-remote,3,6,1,2,0.01419,-0.0,0.111574,0.034988,0.001185,0.00042,0.048264,0.04076,0.010852
RG175,medium,False,6,2,0,D3-2:strong-remote,3,6,1,2,0.000783,0.0,0.031334,0.000789,0.00041,0.000737,0.002059,0.002076,0.000723
RG175,low,False,6,2,0,D3-2:strong-remote,3,6,1,2,4.9e-05,0.0,0.006781,3e-06,3e-06,0.000153,6e-06,0.000153,3.4e-05
RG176,high,False,6,2,0,D3-2:strong-remote,3,6,2,2,0.020332,-0.0,0.130009,0.044686,0.000726,0.003395,0.05366,0.076021,0.012398
RG176,medium,False,6,2,0,D3-2:strong-remote,3,6,2,2,0.003498,-0.0,0.058786,0.00273,0.000307,0.004086,0.004276,0.016607,0.001803
RG176,low,False,6,2,0,D3-2:strong-remote,3,6,2,2,0.000273,0.0,0.01418,1.6e-05,1e-06,0.000757,1.6e-05,0.000972,0.000156
RG177,high,False,6,2,0,D3-2:strong-remote,3,5,1,2,0.061002,0.000604,0.255698,0.018283,0.089521,0.240304,0.139609,0.027839,0.040211
RG177,medium,False,6,2,0,D3-2:strong-remote,3,5,1,2,0.015939,0.000198,0.123453,0.00097,0.036954,0.059878,0.046645,0.001333,0.010357
RG177,low,False,6,2,0,D3-2:strong-remote,3,5,1,2,0.00107,1.2e-05,0.030461,1.2e-05,0.002924,0.003891,0.003199,3.7e-05,0.000625
RG178,high,False,6,2,0,D3-2:strong-remote,3,5,2,2,0.069773,0.000659,0.274876,0.034001,0.090219,0.255032,0.173338,0.028153,0.04686
RG178,medium,False,6,2,0,D3-2:strong-remote,3,5,2,2,0.017969,0.00021,0.13216,0.003656,0.036792,0.062809,0.058985,0.000659,0.012044
RG178,low,False,6,2,0,D3-2:strong-remote,3,5,2,2,0.001054,2e-06,0.029895,4.4e-05,0.002819,0.003617,0.003465,2e-06,0.000612
RG179,high,False,6,2,0,D3-2:strong-remote,3,5,1,2,0.065359,0.000182,0.271698,0.040642,0.094308,0.16719,0.235056,0.021967,0.045756
RG179,medium,False,6,2,0,D3-2:strong-remote,3,5,1,2,0.018897,0.000336,0.155871,0.001233,0.049045,0.04214,0.062582,0.010091,0.010817
RG179,low,False,6,2,0,D3-2:strong-remote,3,5,1,2,0.001173,1.8e-05,0.037092,2.1e-05,0.003044,0.003345,0.003407,0.000473,0.000684
RG180,high,False,6,2,0,D3-2:strong-remote,3,5,2,2,0.088132,0.0003,0.264227,0.001178,0.249701,0.30541,0.273555,0.006879,0.047173
RG180,medium,False,6,2,0,D3-2:strong-remote,3,5,2,2,0.053308,0.002183,0.250313,0.005245,0.066119,0.211608,0.105798,0.035762,0.035074
RG180,low,False,6,2,0,D3-2:strong-remote,3,5,2,2,0.004834,0.000137,0.079913,0.000477,0.004063,0.01963,0.007104,0.003999,0.003425
RG181,high,False,6,2,0,D3-2:strong-remote,3,4,1,2,0.099952,0.000938,0.320087,0.036108,0.088346,0.307669,0.166782,0.049759,0.078211
RG181,medium,False,6,2,0,D3-2:strong-remote,3,4,1,2,0.032052,0.000311,0.183818,0.004176,0.03976,0.115361,0.062824,0.01654,0.024959
RG181,low,False,6,2,0,D3-2:strong-remote,3,4,1,2,0.00228,1.4e-05,0.050721,0.000214,0.003173,0.008989,0.004645,0.001161,0.001597
RG182,high,False,6,2,0,D3-2:strong-remote,3,4,2,2,0.037206,0.000778,0.156943,0.001399,0.090863,0.099975,0.104964,0.006696,0.022739
RG182,medium,False,6,2,0,D3-2:strong-remote,3,4,2,2,0.032182,0.001418,0.193667,0.004994,0.036821,0.079095,0.0567,0.030925,0.023724
RG182,low,False,6,2,0,D3-2:strong-remote,3,4,2,2,0.002436,5.7e-05,0.053524,0.000292,0.002229,0.005271,0.002432,0.003457,0.001725
RG183,high,False,6,2,0,D3-2:strong-remote,3,4,2,2,0.12108,0.001054,0.35603,0.06098,0.089331,0.362556,0.20953,0.047055,0.094807
RG183,medium,False,6,2,0,D3-2:strong-remote,3,4,2,2,0.048795,0.00038,0.234728,0.011524,0.040565,0.173781,0.085827,0.028287,0.038118
RG183,low,False,6,2,0,D3-2:strong-remote,3,4,2,2,0.003699,1.6e-05,0.066137,0.00065,0.003188,0.014798,0.006286,0.002365,0.002652
RG184,high,False,6,2,0,D3-2:strong-remote,3,4,1,2,0.069451,0.000779,0.235411,0.027289,0.13081,0.202301,0.221753,0.000779,0.052849
RG184,medium,False,6,2,0,D3-2:strong-remote,3,4,1,2,0.026853,0.00059,0.149935,0.003754,0.053639,0.097012,0.083821,0.00059,0.018537
RG184,low,False,6,2,0,D3-2:strong-remote,3,4,1,2,0.001738,6.3e-05,0.043131,0.000133,0.003315,0.007081,0.004772,0.000251,0.001134
RG185,high,False,6,2,0,D3-2:strong-remote,3,3,1,2,0.053403,0.0,0.214956,0.00426,0.120749,0.163436,0.163436,0.0,0.042406
RG185,medium,False,6,2,0,D3-2:strong-remote,3,3,1,2,0.016557,0.0,0.12443,0.000616,0.045224,0.055978,0.055978,0.0,0.009364
RG185,low,False,6,2,0,D3-2:strong-remote,3,3,1,2,0.000933,0.0,0.028016,4.2e-05,0.002526,0.003222,0.003222,0.0,0.000499
RG186,high,False,6,2,0,D3-2:strong-remote,3,3,2,2,0.049637,0.0,0.215546,0.035647,0.057483,0.153094,0.153094,0.0,0.033841
RG186,medium,False,6,2,0,D3-2:strong-remote,3,3,2,2,0.014805,0.0,0.128894,0.003019,0.032916,0.052142,0.052142,0.0,0.008015
RG186,low,False,6,2,0,D3-2:strong-remote,3,3,2,2,0.000925,0.0,0.028821,8.5e-05,0.002319,0.003278,0.003278,0.0,0.00049
RG187,high,False,6,2,0,D3-2:strong-remote,3,4,0,2,0.064989,0.000111,0.270968,0.034635,0.094564,0.195635,0.224185,0.008299,0.046804
RG187,medium,False,6,2,0,D3-2:strong-remote,3,4,0,2,0.018347,0.000227,0.150841,0.001483,0.0447,0.058578,0.061842,0.003245,0.010853
RG187,low,False,6,2,0,D3-2:strong-remote,3,4,0,2,0.001161,1.3e-05,0.037357,5.6e-05,0.002635,0.003938,0.003441,0.000335,0.000707
RG188,high,False,6,2,0,D3-2:strong-remote,3,4,1,2,0.048064,0.0,0.248049,0.035828,0.010127,0.138704,0.08193,0.01237,0.048165
RG188,medium,False,6,2,0,D3-2:strong-remote,3,4,1,2,0.010514,0.0,0.110705,0.002789,0.001922,0.035927,0.009307,0.009058,0.009699
RG188,low,False,6,2,0,D3-2:strong-remote,3,4,1,2,0.000751,0.0,0.026182,0.000135,8.7e-05,0.002608,0.000422,0.000935,0.000635
RG189,high,False,6,2,0,D3-2:strong-remote,3,4,2,2,0.065403,6e-05,0.272043,0.040869,0.09249,0.166318,0.234561,0.024757,0.046207
RG189,medium,False,6,2,0,D3-2:strong-remote,3,4,2,2,0.022347,0.000183,0.167345,0.002004,0.042505,0.042207,0.058121,0.0247,0.013913
RG189,low,False,6,2,0,D3-2:strong-remote,3,4,2,2,0.00175,9e-06,0.046151,0.000166,0.002368,0.003291,0.002386,0.002317,0.001196
RG190,high,False,6,2,0,D3-2:strong-remote,3,4,3,2,0.016641,-0.0,0.094826,0.005673,0.011361,0.033135,0.031935,1.3e-05,0.015302
RG190,medium,False,6,2,0,D3-2:strong-remote,3,4,3,2,0.039581,0.0,0.205701,0.043771,0.00568,0.090867,0.079438,0.000448,0.035348
RG190,low,False,6,2,0,D3-2:strong-remote,3,4,3,2,0.002886,0.0,0.059181,0.003497,0.000173,0.006771,0.005224,0.000101,0.002439
RG191,high,False,6,2,0,D3-2:strong-remote,3,4,2,2,0.062232,0.0,0.280563,0.045153,0.010764,0.183112,0.097523,0.016147,0.060326
RG191,medium,False,6,2,0,D3-2:strong-remote,3,4,2,2,0.012421,0.0,0.121311,0.004454,0.002142,0.041292,0.012636,0.008477,0.011496
RG191,low,False,6,2,0,D3-2:strong-remote,3,4,2,2,0.000883,0.0,0.029353,0.000326,0.000109,0.002921,0.000783,0.00068,0.000775
RG192,high,False,6,2,0,D3-2:strong-remote,3,4,1,2,0.032306,-0.0,0.176243,0.030183,0.01055,0.081264,0.065394,0.004172,0.032719
RG192,medium,False,6,2,0,D3-2:strong-remote,3,4,1,2,0.008954,-0.0,0.095936,0.001712,0.003067,0.03026,0.008969,0.007748,0.008756
RG192,low,False,6,2,0,D3-2:strong-remote,3,4,1,2,0.000558,0.0,0.025191,8.9e-05,0.00012,0.00195,0.000415,0.000571,0.00051
RG193,high,False,6,2,0,D3-1:tree-like-remote,3,3,0,2,0.090959,0.0,0.321193,0.019656,0.164573,0.278088,0.278088,0.0,0.078739
RG193,medium,False,6,2,0,D3-1:tree-like-remote,3,3,0,2,0.02003,0.0,0.14398,0.001174,0.051833,0.067971,0.067971,0.0,0.012045
RG193,low,False,6,2,0,D3-1:tree-like-remote,3,3,0,2,0.001002,0.0,0.02951,4.7e-05,0.002697,0.003455,0.003455,0.0,0.000549
RG194,high,False,6,2,0,D3-2:strong-remote,3,3,1,2,0.074532,0.0,0.289759,0.038424,0.100767,0.240719,0.240719,0.0,0.055758
RG194,medium,False,6,2,0,D3-2:strong-remote,3,3,1,2,0.018546,0.0,0.143117,0.002382,0.04372,0.065177,0.065177,0.0,0.010632
RG194,low,False,6,2,0,D3-2:strong-remote,3,3,1,2,0.000974,0.0,0.029321,6.5e-05,0.002537,0.003405,0.003405,0.0,0.000527
RG195,high,False,6,2,0,D3-2:strong-remote,3,3,2,2,0.073025,0.0,0.244514,0.031568,0.12253,0.222505,0.222505,0.0,0.055343
RG195,medium,False,6,2,0,D3-2:strong-remote,3,3,2,2,0.023974,0.0,0.146338,0.006414,0.045305,0.082411,0.082411,0.0,0.015684
RG195,low,False,6,2,0,D3-2:strong-remote,3,3,2,2,0.001094,0.0,0.032299,0.000173,0.002511,0.003881,0.003881,0.0,0.000624
RG196,high,False,6,2,0,D3-2:strong-remote,3,3,3,2,0.009584,-0.0,0.072738,0.003082,0.006116,0.017274,0.017274,0.0,0.008305
RG196,medium,False,6,2,0,D3-2:strong-remote,3,3,3,2,0.015549,0.0,0.101305,0.019123,0.002021,0.032946,0.032946,0.0,0.013617
RG196,low,False,6,2,0,D3-2:strong-remote,3,3,3,2,0.000784,0.0,0.027159,0.001245,1.7e-05,0.001542,0.001542,0.0,0.000621
RG197,high,False,6,2,0,D3-2:strong-remote,3,3,1,2,0.092911,0.0,0.327473,0.021307,0.166792,0.284449,0.284449,0.0,0.080357
RG197,medium,False,6,2,0,D3-2:strong-remote,3,3,1,2,0.019111,0.0,0.13944,0.000754,0.051533,0.064216,0.064216,0.0,0.011327
RG197,low,False,6,2,0,D3-2:strong-remote,3,3,1,2,0.000887,0.0,0.026753,1.3e-05,0.002609,0.002944,0.002944,0.0,0.000469
RG198,high,False,6,2,0,D3-2:strong-remote,3,3,2,2,0.027961,-0.0,0.166005,0.032574,0.006493,0.063995,0.063995,0.0,0.028112
RG198,medium,False,6,2,0,D3-2:strong-remote,3,3,2,2,0.002716,0.0,0.056985,0.002408,0.001109,0.006476,0.006476,0.0,0.002936
RG198,low,False,6,2,0,D3-2:strong-remote,3,3,2,2,4.9e-05,-0.0,0.007099,6.5e-05,9e-06,0.000115,0.000115,0.0,5e-05
RG199,high,False,6,2,0,D3-1:tree-like-remote,2,2,0,3,0.039098,0.000287,0.228082,0.024955,0.03849,0.101698,0.119845,0.00208,0.039843
RG199,medium,False,6,2,0,D3-1:tree-like-remote,2,2,0,3,0.004003,8e-05,0.076354,0.001576,0.00589,0.009571,0.013366,0.000456,0.004154
RG199,low,False,6,2,0,D3-1:tree-like-remote,2,2,0,3,0.000149,2e-06,0.014294,7.1e-05,0.000219,0.00032,0.000537,2.9e-05,0.000151
RG200,high,False,6,2,0,D3-1:tree-like-remote,2,2,0,3,0.042193,0.000361,0.238356,0.031277,0.039698,0.101698,0.135941,0.002814,0.042845
RG200,medium,False,6,2,0,D3-1:tree-like-remote,2,2,0,3,0.004887,0.00012,0.084817,0.002874,0.006448,0.009571,0.017851,0.001298,0.005008
RG200,low,False,6,2,0,D3-1:tree-like-remote,2,2,0,3,0.000225,4e-06,0.017371,0.000193,0.000256,0.00032,0.000894,0.000144,0.000218
