graph_id,evidence_level,variant,js_to_M0,p_R,p_G,p_B
RG001,high,pure,0.0,0.001635,0.10895,0.889415
RG001,high,weighted,0.0144960982,2.2e-05,0.027399,0.972579
RG001,high,clipped,0.1136912197,0.235371,0.240092,0.524537
RG001,medium,pure,0.0,0.081296,0.310852,0.607852
RG001,medium,weighted,0.013912438,0.024183,0.236453,0.739364
RG001,medium,clipped,0.0435352858,0.292316,0.316931,0.390753
RG001,low,pure,0.0,0.255302,0.344506,0.400192
RG001,low,weighted,0.0018460727,0.207835,0.345909,0.446256
RG001,low,clipped,0.0030166257,0.321729,0.334279,0.343992
RG002,high,pure,0.0,0.057714,0.471143,0.471143
RG002,high,weighted,0.0171044529,0.001722,0.499139,0.499139
RG002,high,clipped,0.0640051775,0.329,0.3355,0.3355
RG002,medium,pure,0.0,0.20363,0.398185,0.398185
RG002,medium,weighted,0.0176251968,0.075592,0.462204,0.462204
RG002,medium,clipped,0.0087259941,0.319367,0.340316,0.340316
RG002,low,pure,0.0,0.300907,0.349546,0.349546
RG002,low,weighted,0.0016136505,0.250172,0.374914,0.374914
RG002,low,clipped,0.0004416434,0.328508,0.335746,0.335746
RG003,high,pure,0.0,0.057714,0.471143,0.471143
RG003,high,weighted,0.0462406058,0.00255,0.738855,0.258596
RG003,high,clipped,0.0640051775,0.329,0.3355,0.3355
RG003,medium,pure,0.0,0.20363,0.398185,0.398185
RG003,medium,weighted,0.0169707603,0.087055,0.532293,0.380653
RG003,medium,clipped,0.0087259941,0.319367,0.340316,0.340316
RG003,low,pure,0.0,0.300907,0.349546,0.349546
RG003,low,weighted,0.0013180512,0.25713,0.385342,0.357528
RG003,low,clipped,0.0004416434,0.328508,0.335746,0.335746
RG004,high,pure,0.0,0.471143,0.471143,0.057714
RG004,high,weighted,0.0675005571,0.15165,0.813474,0.034876
RG004,high,clipped,0.0640051775,0.3355,0.3355,0.329
RG004,medium,pure,-0.0,0.398185,0.398185,0.20363
RG004,medium,weighted,0.0072516043,0.299818,0.512688,0.187494
RG004,medium,clipped,0.0087259941,0.340316,0.340316,0.319367
RG004,low,pure,0.0,0.349546,0.349546,0.300907
RG004,low,weighted,0.0003216343,0.330275,0.372335,0.29739
RG004,low,clipped,0.0004416434,0.335746,0.335746,0.328508
RG005,high,pure,0.0,0.057714,0.471143,0.471143
RG005,high,weighted,0.0279535831,0.012764,0.689523,0.297713
RG005,high,clipped,0.0640051775,0.329,0.3355,0.3355
RG005,medium,pure,0.0,0.20363,0.398185,0.398185
RG005,medium,weighted,0.0058252549,0.136796,0.489145,0.374059
RG005,medium,clipped,0.0087259941,0.319367,0.340316,0.340316
RG005,low,pure,0.0,0.300907,0.349546,0.349546
RG005,low,weighted,0.0003650856,0.279224,0.371184,0.349591
RG005,low,clipped,0.0004416434,0.328508,0.335746,0.335746
RG006,high,pure,0.0,0.057714,0.471143,0.471143
RG006,high,weighted,0.0074521436,0.01389,0.493055,0.493055
RG006,high,clipped,0.0640051775,0.329,0.3355,0.3355
RG006,medium,pure,0.0,0.20363,0.398185,0.398185
RG006,medium,weighted,0.0038390061,0.137859,0.431071,0.431071
RG006,medium,clipped,0.0087259941,0.319367,0.340316,0.340316
RG006,low,pure,0.0,0.300907,0.349546,0.349546
RG006,low,weighted,0.0002830402,0.279315,0.360343,0.360343
RG006,low,clipped,0.0004416434,0.328508,0.335746,0.335746
RG007,high,pure,0.0,0.057714,0.471143,0.471143
RG007,high,weighted,0.0074521436,0.01389,0.493055,0.493055
RG007,high,clipped,0.0640051775,0.329,0.3355,0.3355
RG007,medium,pure,0.0,0.20363,0.398185,0.398185
RG007,medium,weighted,0.0038390061,0.137859,0.431071,0.431071
RG007,medium,clipped,0.0087259941,0.319367,0.340316,0.340316
RG007,low,pure,0.0,0.300907,0.349546,0.349546
RG007,low,weighted,0.0002830402,0.279315,0.360343,0.360343
RG007,low,clipped,0.0004416434,0.328508,0.335746,0.335746
RG008,high,pure,-0.0,0.333333,0.333333,0.333333
RG008,high,weighted,0.0185929495,0.23823,0.23823,0.52354
RG008,high,clipped,-0.0,0.333333,0.333333,0.333333
RG008,medium,pure,0.0,0.333333,0.333333,0.333333
RG008,medium,weighted,0.0018220815,0.304328,0.304328,0.391344
RG008,medium,clipped,-0.0,0.333333,0.333333,0.333333
RG008,low,pure,0.0,0.333333,0.333333,0.333333
RG008,low,weighted,8.84968e-05,0.327033,0.327033,0.345934
RG008,low,clipped,-0.0,0.333333,0.333333,0.333333
RG009,high,pure,0.0,0.333333,0.333333,0.333333
RG009,high,weighted,0.0,0.333333,0.333333,0.333333
RG009,high,clipped,0.0,0.333333,0.333333,0.333333
RG009,medium,pure,0.0,0.333333,0.333333,0.333333
RG009,medium,weighted,0.0,0.333333,0.333333,0.333333
RG009,medium,clipped,0.0,0.333333,0.333333,0.333333
RG009,low,pure,0.0,0.333333,0.333333,0.333333
RG009,low,weighted,0.0,0.333333,0.333333,0.333333
RG009,low,clipped,0.0,0.333333,0.333333,0.333333
RG010,high,pure,0.0,0.333333,0.333333,0.333333
RG010,high,weighted,0.074371907,0.08319,0.237689,0.679121
RG010,high,clipped,0.0,0.333333,0.333333,0.333333
RG010,medium,pure,0.0,0.333333,0.333333,0.333333
RG010,medium,weighted,0.009154188,0.229684,0.321183,0.449133
RG010,medium,clipped,-0.0,0.333333,0.333333,0.333333
RG010,low,pure,-0.0,0.333333,0.333333,0.333333
RG010,low,weighted,0.0004671612,0.308696,0.332711,0.358594
RG010,low,clipped,0.0,0.333333,0.333333,0.333333
RG011,high,pure,0.0,0.333333,0.333333,0.333333
RG011,high,weighted,0.0909417744,0.124255,0.751489,0.124255
RG011,high,clipped,0.0,0.333333,0.333333,0.333333
RG011,medium,pure,0.0,0.333333,0.333333,0.333333
RG011,medium,weighted,0.0098143169,0.264775,0.47045,0.264775
RG011,medium,clipped,0.0,0.333333,0.333333,0.333333
RG011,low,pure,0.0,0.333333,0.333333,0.333333
RG011,low,weighted,0.0004674247,0.318772,0.362456,0.318772
RG011,low,clipped,0.0,0.333333,0.333333,0.333333
RG012,high,pure,0.0,0.333333,0.333333,0.333333
RG012,high,weighted,0.0185929495,0.23823,0.52354,0.23823
RG012,high,clipped,0.0,0.333333,0.333333,0.333333
RG012,medium,pure,0.0,0.333333,0.333333,0.333333
RG012,medium,weighted,0.0018220815,0.304328,0.391344,0.304328
RG012,medium,clipped,0.0,0.333333,0.333333,0.333333
RG012,low,pure,0.0,0.333333,0.333333,0.333333
RG012,low,weighted,8.84968e-05,0.327033,0.345934,0.327033
RG012,low,clipped,0.0,0.333333,0.333333,0.333333
RG013,high,pure,0.0,0.333333,0.333333,0.333333
RG013,high,weighted,0.0182172955,0.168961,0.415519,0.415519
RG013,high,clipped,0.0,0.333333,0.333333,0.333333
RG013,medium,pure,0.0,0.333333,0.333333,0.333333
RG013,medium,weighted,0.0021726005,0.272782,0.363609,0.363609
RG013,medium,clipped,0.0,0.333333,0.333333,0.333333
RG013,low,pure,0.0,0.333333,0.333333,0.333333
RG013,low,weighted,0.0001132826,0.319219,0.34039,0.34039
RG013,low,clipped,0.0,0.333333,0.333333,0.333333
RG014,high,pure,0.0,0.333333,0.333333,0.333333
RG014,high,weighted,0.0,0.333333,0.333333,0.333333
RG014,high,clipped,0.0,0.333333,0.333333,0.333333
RG014,medium,pure,0.0,0.333333,0.333333,0.333333
RG014,medium,weighted,0.0,0.333333,0.333333,0.333333
RG014,medium,clipped,0.0,0.333333,0.333333,0.333333
RG014,low,pure,0.0,0.333333,0.333333,0.333333
RG014,low,weighted,0.0,0.333333,0.333333,0.333333
RG014,low,clipped,0.0,0.333333,0.333333,0.333333
RG015,high,pure,0.0,0.333333,0.333333,0.333333
RG015,high,weighted,0.0447576994,0.093817,0.453092,0.453092
RG015,high,clipped,0.0,0.333333,0.333333,0.333333
RG015,medium,pure,0.0,0.333333,0.333333,0.333333
RG015,medium,weighted,0.0063339755,0.232169,0.383916,0.383916
RG015,medium,clipped,0.0,0.333333,0.333333,0.333333
RG015,low,pure,0.0,0.333333,0.333333,0.333333
RG015,low,weighted,0.0003439137,0.308846,0.345577,0.345577
RG015,low,clipped,0.0,0.333333,0.333333,0.333333
RG016,high,pure,0.0,0.333333,0.333333,0.333333
RG016,high,weighted,0.0471962382,0.181004,0.181004,0.637991
RG016,high,clipped,0.0,0.333333,0.333333,0.333333
RG016,medium,pure,0.0,0.333333,0.333333,0.333333
RG016,medium,weighted,0.0047425704,0.286093,0.286093,0.427813
RG016,medium,clipped,-0.0,0.333333,0.333333,0.333333
RG016,low,pure,-0.0,0.333333,0.333333,0.333333
RG016,low,weighted,0.000227734,0.323199,0.323199,0.353601
RG016,low,clipped,0.0,0.333333,0.333333,0.333333
RG017,high,pure,0.0,0.333333,0.333333,0.333333
RG017,high,weighted,0.0,0.333333,0.333333,0.333333
RG017,high,clipped,0.0,0.333333,0.333333,0.333333
RG017,medium,pure,0.0,0.333333,0.333333,0.333333
RG017,medium,weighted,0.0,0.333333,0.333333,0.333333
RG017,medium,clipped,0.0,0.333333,0.333333,0.333333
RG017,low,pure,0.0,0.333333,0.333333,0.333333
RG017,low,weighted,0.0,0.333333,0.333333,0.333333
RG017,low,clipped,0.0,0.333333,0.333333,0.333333
RG018,high,pure,-0.0,0.098391,0.803217,0.098391
RG018,high,weighted,0.0248182962,0.026669,0.946662,0.026669
RG018,high,clipped,0.0386078597,0.227277,0.545447,0.227277
RG018,medium,pure,0.0,0.252817,0.494367,0.252817
RG018,medium,weighted,0.0067633444,0.19505,0.609901,0.19505
RG018,medium,clipped,0.0024043316,0.287363,0.425275,0.287363
RG018,low,pure,0.0,0.316292,0.367417,0.316292
RG018,low,weighted,0.0003237562,0.303943,0.392115,0.303943
RG018,low,clipped,0.0001141738,0.323545,0.352909,0.323545
RG019,high,pure,-0.0,0.098391,0.098391,0.803217
RG019,high,weighted,0.0248182962,0.026669,0.026669,0.946662
RG019,high,clipped,0.0386078597,0.227277,0.227277,0.545447
RG019,medium,pure,0.0,0.252817,0.252817,0.494367
RG019,medium,weighted,0.0067633444,0.19505,0.19505,0.609901
RG019,medium,clipped,0.0024043316,0.287363,0.287363,0.425275
RG019,low,pure,0.0,0.316292,0.316292,0.367417
RG019,low,weighted,0.0003237562,0.303943,0.303943,0.392115
RG019,low,clipped,0.0001141738,0.323545,0.323545,0.352909
RG020,high,pure,-0.0,0.098391,0.803217,0.098391
RG020,high,weighted,0.0244848018,0.009043,0.917136,0.073822
RG020,high,clipped,0.0386078597,0.227277,0.545447,0.227277
RG020,medium,pure,0.0,0.252817,0.494367,0.252817
RG020,medium,weighted,0.0113260768,0.136463,0.596692,0.266845
RG020,medium,clipped,0.0024043316,0.287363,0.425275,0.287363
RG020,low,pure,0.0,0.316292,0.367417,0.316292
RG020,low,weighted,0.0007408618,0.281524,0.391447,0.327029
RG020,low,clipped,0.0001141738,0.323545,0.352909,0.323545
RG021,high,pure,0.0,0.098391,0.803217,0.098391
RG021,high,weighted,0.0246232073,0.017441,0.942166,0.040394
RG021,high,clipped,0.0386078597,0.227277,0.545447,0.227277
RG021,medium,pure,-0.0,0.252817,0.494367,0.252817
RG021,medium,weighted,0.0074984627,0.16997,0.607765,0.222265
RG021,medium,clipped,0.0024043316,0.287363,0.425275,0.287363
RG021,low,pure,0.0,0.316292,0.367417,0.316292
RG021,low,weighted,0.0003905503,0.294889,0.392008,0.313103
RG021,low,clipped,0.0001141738,0.323545,0.352909,0.323545
RG022,high,pure,-0.0,0.098391,0.803217,0.098391
RG022,high,weighted,0.0248182962,0.026669,0.946662,0.026669
RG022,high,clipped,0.0386078597,0.227277,0.545447,0.227277
RG022,medium,pure,0.0,0.252817,0.494367,0.252817
RG022,medium,weighted,0.0067633444,0.19505,0.609901,0.19505
RG022,medium,clipped,0.0024043316,0.287363,0.425275,0.287363
RG022,low,pure,0.0,0.316292,0.367417,0.316292
RG022,low,weighted,0.0003237562,0.303943,0.392115,0.303943
RG022,low,clipped,0.0001141738,0.323545,0.352909,0.323545
RG023,high,pure,-0.0,0.098391,0.803217,0.098391
RG023,high,weighted,0.0248182962,0.026669,0.946662,0.026669
RG023,high,clipped,0.0386078597,0.227277,0.545447,0.227277
RG023,medium,pure,0.0,0.252817,0.494367,0.252817
RG023,medium,weighted,0.0067633444,0.19505,0.609901,0.19505
RG023,medium,clipped,0.0024043316,0.287363,0.425275,0.287363
RG023,low,pure,0.0,0.316292,0.367417,0.316292
RG023,low,weighted,0.0003237562,0.303943,0.392115,0.303943
RG023,low,clipped,0.0001141738,0.323545,0.352909,0.323545
RG024,high,pure,-0.0,0.098391,0.803217,0.098391
RG024,high,weighted,0.0246232073,0.017441,0.942166,0.040394
RG024,high,clipped,0.0386078597,0.227277,0.545447,0.227277
RG024,medium,pure,-0.0,0.252817,0.494367,0.252817
RG024,medium,weighted,0.0074984627,0.16997,0.607765,0.222265
RG024,medium,clipped,0.0024043316,0.287363,0.425275,0.287363
RG024,low,pure,0.0,0.316292,0.367417,0.316292
RG024,low,weighted,0.0003905503,0.294889,0.392008,0.313103
RG024,low,clipped,0.0001141738,0.323545,0.352909,0.323545
RG025,high,pure,0.0,0.098391,0.803217,0.098391
RG025,high,weighted,0.0244848018,0.009043,0.917136,0.073822
RG025,high,clipped,0.0386078597,0.227277,0.545447,0.227277
RG025,medium,pure,-0.0,0.252817,0.494367,0.252817
RG025,medium,weighted,0.0113260768,0.136463,0.596692,0.266845
RG025,medium,clipped,0.0024043316,0.287363,0.425275,0.287363
RG025,low,pure,0.0,0.316292,0.367417,0.316292
RG025,low,weighted,0.0007408618,0.281524,0.391447,0.327029
RG025,low,clipped,0.0001141738,0.323545,0.352909,0.323545
RG026,high,pure,-0.0,0.098391,0.803217,0.098391
RG026,high,weighted,0.0248182962,0.026669,0.946662,0.026669
RG026,high,clipped,0.0386078597,0.227277,0.545447,0.227277
RG026,medium,pure,0.0,0.252817,0.494367,0.252817
RG026,medium,weighted,0.0067633444,0.19505,0.609901,0.19505
RG026,medium,clipped,0.0024043316,0.287363,0.425275,0.287363
RG026,low,pure,0.0,0.316292,0.367417,0.316292
RG026,low,weighted,0.0003237562,0.303943,0.392115,0.303943
RG026,low,clipped,0.0001141738,0.323545,0.352909,0.323545
RG027,high,pure,-0.0,0.098391,0.803217,0.098391
RG027,high,weighted,0.0248182962,0.026669,0.946662,0.026669
RG027,high,clipped,0.0386078597,0.227277,0.545447,0.227277
RG027,medium,pure,0.0,0.252817,0.494367,0.252817
RG027,medium,weighted,0.0067633444,0.19505,0.609901,0.19505
RG027,medium,clipped,0.0024043316,0.287363,0.425275,0.287363
RG027,low,pure,0.0,0.316292,0.367417,0.316292
RG027,low,weighted,0.0003237562,0.303943,0.392115,0.303943
RG027,low,clipped,0.0001141738,0.323545,0.352909,0.323545
RG028,high,pure,0.0,0.000201,0.109107,0.890693
RG028,high,weighted,0.0140554435,1e-06,0.0274,0.9726
RG028,high,clipped,0.1221699067,0.241392,0.245772,0.512836
RG028,medium,pure,-0.0,0.043294,0.323711,0.632995
RG028,medium,weighted,0.0123892319,0.007863,0.240407,0.751729
RG028,medium,clipped,0.0723231269,0.304849,0.322426,0.372725
RG028,low,pure,0.0,0.227872,0.357195,0.414933
RG028,low,weighted,0.0030044181,0.168998,0.362868,0.468134
RG028,low,clipped,0.0064339474,0.325921,0.33451,0.339569
RG029,high,pure,-0.0,0.098391,0.803217,0.098391
RG029,high,weighted,0.0365320912,0.002426,0.948871,0.048703
RG029,high,clipped,0.1156823394,0.33136,0.33728,0.33136
RG029,medium,pure,0.0,0.252817,0.494367,0.252817
RG029,medium,weighted,0.023425269,0.096752,0.651062,0.252186
RG029,medium,clipped,0.0118676292,0.328651,0.342698,0.328651
RG029,low,pure,0.0,0.316292,0.367417,0.316292
RG029,low,weighted,0.0016639375,0.265271,0.406143,0.328586
RG029,low,clipped,0.0005467154,0.332078,0.335843,0.332078
RG030,high,pure,-0.0,0.098391,0.803217,0.098391
RG030,high,weighted,0.0471271118,0.002112,0.976111,0.021777
RG030,high,clipped,0.1156823394,0.33136,0.33728,0.33136
RG030,medium,pure,0.0,0.252817,0.494367,0.252817
RG030,medium,weighted,0.0273970143,0.098003,0.695533,0.206464
RG030,medium,clipped,0.0118676292,0.328651,0.342698,0.328651
RG030,low,pure,0.0,0.316292,0.367417,0.316292
RG030,low,weighted,0.0017298699,0.26806,0.415323,0.316617
RG030,low,clipped,0.0005467154,0.332078,0.335843,0.332078
RG031,high,pure,0.0,0.496277,0.496277,0.007447
RG031,high,weighted,0.0839803517,0.128778,0.868599,0.002623
RG031,high,clipped,0.1145251091,0.335325,0.335325,0.329351
RG031,medium,pure,-0.0,0.44218,0.44218,0.115641
RG031,medium,weighted,0.0107967306,0.319682,0.588147,0.092171
RG031,medium,clipped,0.0320577579,0.33918,0.33918,0.32164
RG031,low,pure,0.0,0.364822,0.364822,0.270357
RG031,low,weighted,0.000482698,0.344433,0.394695,0.260872
RG031,low,clipped,0.0020485479,0.335516,0.335516,0.328967
RG032,high,pure,0.0,0.000201,0.890693,0.109107
RG032,high,weighted,0.0078710789,0.0,0.956265,0.043734
RG032,high,clipped,0.1221699067,0.241392,0.512836,0.245772
RG032,medium,pure,0.0,0.043294,0.632995,0.323711
RG032,medium,weighted,0.0103449726,0.006482,0.723435,0.270082
RG032,medium,clipped,0.0723231269,0.304849,0.372725,0.322426
RG032,low,pure,0.0,0.227872,0.414933,0.357195
RG032,low,weighted,0.0035796818,0.162116,0.464869,0.373014
RG032,low,clipped,0.0064339474,0.325921,0.339569,0.33451
RG033,high,pure,0.0,0.098391,0.803217,0.098391
RG033,high,weighted,0.0401421305,0.008834,0.971355,0.019811
RG033,high,clipped,0.1156823394,0.33136,0.33728,0.33136
RG033,medium,pure,0.0,0.252817,0.494367,0.252817
RG033,medium,weighted,0.0152577598,0.14747,0.661668,0.190862
RG033,medium,clipped,0.0118676292,0.328651,0.342698,0.328651
RG033,low,pure,0.0,0.316292,0.367417,0.316292
RG033,low,weighted,0.000787015,0.2892,0.404444,0.306356
RG033,low,clipped,0.0005467154,0.332078,0.335843,0.332078
RG034,high,pure,0.0,0.098391,0.803217,0.098391
RG034,high,weighted,0.0462488214,0.006806,0.97949,0.013704
RG034,high,clipped,0.1156823394,0.33136,0.33728,0.33136
RG034,medium,pure,0.0,0.252817,0.494367,0.252817
RG034,medium,weighted,0.0194742822,0.140054,0.68481,0.175136
RG034,medium,clipped,0.0118676292,0.328651,0.342698,0.328651
RG034,low,pure,0.0,0.316292,0.367417,0.316292
RG034,low,weighted,0.0010033602,0.287618,0.410034,0.302348
RG034,low,clipped,0.0005467154,0.332078,0.335843,0.332078
RG035,high,pure,-0.0,0.098391,0.803217,0.098391
RG035,high,weighted,0.0333136019,0.018721,0.962559,0.018721
RG035,high,clipped,0.1156823394,0.33136,0.33728,0.33136
RG035,medium,pure,0.0,0.252817,0.494367,0.252817
RG035,medium,weighted,0.010488519,0.181168,0.637664,0.181168
RG035,medium,clipped,0.0118676292,0.328651,0.342698,0.328651
RG035,low,pure,-0.0,0.316292,0.367417,0.316292
RG035,low,weighted,0.0005090728,0.300782,0.398435,0.300782
RG035,low,clipped,0.0005467154,0.332078,0.335843,0.332078
RG036,high,pure,0.0,0.098391,0.803217,0.098391
RG036,high,weighted,0.0308177814,0.012537,0.954905,0.032559
RG036,high,clipped,0.1156823394,0.33136,0.33728,0.33136
RG036,medium,pure,0.0,0.252817,0.494367,0.252817
RG036,medium,weighted,0.0104273784,0.157559,0.62873,0.213711
RG036,medium,clipped,0.0118676292,0.328651,0.342698,0.328651
RG036,low,pure,0.0,0.316292,0.367417,0.316292
RG036,low,weighted,0.000548407,0.291306,0.396857,0.311837
RG036,low,clipped,0.0005467154,0.332078,0.335843,0.332078
RG037,high,pure,0.0,0.098391,0.803217,0.098391
RG037,high,weighted,0.058992321,0.004023,0.991954,0.004023
RG037,high,clipped,0.1156823394,0.33136,0.33728,0.33136
RG037,medium,pure,0.0,0.252817,0.494367,0.252817
RG037,medium,weighted,0.0334529214,0.12809,0.743821,0.12809
RG037,medium,clipped,0.0118676292,0.328651,0.342698,0.328651
RG037,low,pure,0.0,0.316292,0.367417,0.316292
RG037,low,weighted,0.0017652586,0.287236,0.425527,0.287236
RG037,low,clipped,0.0005467154,0.332078,0.335843,0.332078
RG038,high,pure,0.0,0.098391,0.803217,0.098391
RG038,high,weighted,0.0401421305,0.008834,0.971355,0.019811
RG038,high,clipped,0.1156823394,0.33136,0.33728,0.33136
RG038,medium,pure,0.0,0.252817,0.494367,0.252817
RG038,medium,weighted,0.0152577598,0.14747,0.661668,0.190862
RG038,medium,clipped,0.0118676292,0.328651,0.342698,0.328651
RG038,low,pure,0.0,0.316292,0.367417,0.316292
RG038,low,weighted,0.000787015,0.2892,0.404444,0.306356
RG038,low,clipped,0.0005467154,0.332078,0.335843,0.332078
RG039,high,pure,0.0,0.098391,0.803217,0.098391
RG039,high,weighted,0.0308177814,0.012537,0.954905,0.032559
RG039,high,clipped,0.1156823394,0.33136,0.33728,0.33136
RG039,medium,pure,0.0,0.252817,0.494367,0.252817
RG039,medium,weighted,0.0104273784,0.157559,0.62873,0.213711
RG039,medium,clipped,0.0118676292,0.328651,0.342698,0.328651
RG039,low,pure,0.0,0.316292,0.367417,0.316292
RG039,low,weighted,0.000548407,0.291306,0.396857,0.311837
RG039,low,clipped,0.0005467154,0.332078,0.335843,0.332078
RG040,high,pure,0.0,0.098391,0.098391,0.803217
RG040,high,weighted,0.0522953519,0.006853,0.006853,0.986293
RG040,high,clipped,0.1156823394,0.33136,0.33136,0.33728
RG040,medium,pure,-0.0,0.252817,0.252817,0.494367
RG040,medium,weighted,0.0244288052,0.145146,0.145146,0.709709
RG040,medium,clipped,0.0118676292,0.328651,0.328651,0.342698
RG040,low,pure,-0.0,0.316292,0.316292,0.367417
RG040,low,weighted,0.0012471222,0.291918,0.291918,0.416164
RG040,low,clipped,0.0005467154,0.332078,0.332078,0.335843
RG041,high,pure,0.0,0.471143,0.471143,0.057714
RG041,high,weighted,0.0164067934,0.296227,0.635647,0.068126
RG041,high,clipped,0.0640051775,0.3355,0.3355,0.329
RG041,medium,pure,0.0,0.398185,0.398185,0.20363
RG041,medium,weighted,0.0015674522,0.344646,0.439826,0.215528
RG041,medium,clipped,0.0087259941,0.340316,0.340316,0.319367
RG041,low,pure,0.0,0.349546,0.349546,0.300907
RG041,low,weighted,7.25958e-05,0.338246,0.357187,0.304567
RG041,low,clipped,0.0004416434,0.335746,0.335746,0.328508
RG042,high,pure,0.0,0.471143,0.057714,0.471143
RG042,high,weighted,0.0152040718,0.319719,0.036517,0.643764
RG042,high,clipped,0.0640051775,0.3355,0.329,0.3355
RG042,medium,pure,-0.0,0.398185,0.20363,0.398185
RG042,medium,weighted,0.0016371237,0.363559,0.181812,0.454628
RG042,medium,clipped,0.0087259941,0.340316,0.319367,0.340316
RG042,low,pure,-0.0,0.349546,0.300907,0.349546
RG042,low,weighted,7.86884e-05,0.343906,0.294577,0.361518
RG042,low,clipped,0.0004416434,0.335746,0.328508,0.335746
RG043,high,pure,0.0,0.471143,0.057714,0.471143
RG043,high,weighted,0.0165958684,0.336568,0.021262,0.64217
RG043,high,clipped,0.0640051775,0.3355,0.329,0.3355
RG043,medium,pure,-0.0,0.398185,0.20363,0.398185
RG043,medium,weighted,0.0029623399,0.378346,0.1566,0.465053
RG043,medium,clipped,0.0087259941,0.340316,0.319367,0.340316
RG043,low,pure,-0.0,0.349546,0.300907,0.349546
RG043,low,weighted,0.0001759889,0.348639,0.286273,0.365088
RG043,low,clipped,0.0004416434,0.335746,0.328508,0.335746
RG044,high,pure,0.0,0.471143,0.471143,0.057714
RG044,high,weighted,0.1389445292,0.056601,0.930382,0.013017
RG044,high,clipped,0.0640051775,0.3355,0.3355,0.329
RG044,medium,pure,-0.0,0.398185,0.398185,0.20363
RG044,medium,weighted,0.0212114599,0.245663,0.600709,0.153628
RG044,medium,clipped,0.0087259941,0.340316,0.340316,0.319367
RG044,low,pure,0.0,0.349546,0.349546,0.300907
RG044,low,weighted,0.0009696142,0.320353,0.391192,0.288455
RG044,low,clipped,0.0004416434,0.335746,0.335746,0.328508
RG045,high,pure,-0.0,0.471143,0.057714,0.471143
RG045,high,weighted,0.0626340086,0.17508,0.018764,0.806156
RG045,high,clipped,0.0640051775,0.3355,0.329,0.3355
RG045,medium,pure,0.0,0.398185,0.20363,0.398185
RG045,medium,weighted,0.007788433,0.320654,0.15713,0.522216
RG045,medium,clipped,0.0087259941,0.340316,0.319367,0.340316
RG045,low,pure,0.0,0.349546,0.300907,0.349546
RG045,low,weighted,0.0003729483,0.336949,0.28731,0.375741
RG045,low,clipped,0.0004416434,0.335746,0.328508,0.335746
RG046,high,pure,0.0,0.057714,0.471143,0.471143
RG046,high,weighted,0.0587147126,0.011098,0.793246,0.195655
RG046,high,clipped,0.0640051775,0.329,0.3355,0.3355
RG046,medium,pure,0.0,0.20363,0.398185,0.398185
RG046,medium,weighted,0.0093045384,0.13494,0.527638,0.337422
RG046,medium,clipped,0.0087259941,0.319367,0.340316,0.340316
RG046,low,pure,-0.0,0.300907,0.349546,0.349546
RG046,low,weighted,0.0005108594,0.279064,0.378456,0.34248
RG046,low,clipped,0.0004416434,0.328508,0.335746,0.335746
RG047,high,pure,0.0,0.057714,0.471143,0.471143
RG047,high,weighted,0.0182346803,0.013296,0.637051,0.349654
RG047,high,clipped,0.0640051775,0.329,0.3355,0.3355
RG047,medium,pure,0.0,0.20363,0.398185,0.398185
RG047,medium,weighted,0.0048550482,0.137315,0.47254,0.390145
RG047,medium,clipped,0.0087259941,0.319367,0.340316,0.340316
RG047,low,pure,-0.0,0.300907,0.349546,0.349546
RG047,low,weighted,0.0003249044,0.279269,0.368078,0.352653
RG047,low,clipped,0.0004416434,0.328508,0.335746,0.335746
RG048,high,pure,0.0,0.057714,0.471143,0.471143
RG048,high,weighted,0.0046312087,0.020987,0.489507,0.489507
RG048,high,clipped,0.0640051775,0.329,0.3355,0.3355
RG048,medium,pure,0.0,0.20363,0.398185,0.398185
RG048,medium,weighted,0.002050161,0.154587,0.422706,0.422706
RG048,medium,clipped,0.0087259941,0.319367,0.340316,0.340316
RG048,low,pure,-0.0,0.300907,0.349546,0.349546
RG048,low,weighted,0.0001453332,0.285387,0.357307,0.357307
RG048,low,clipped,0.0004416434,0.328508,0.335746,0.335746
RG049,high,pure,0.0,0.471143,0.057714,0.471143
RG049,high,weighted,0.0074521436,0.493055,0.01389,0.493055
RG049,high,clipped,0.0640051775,0.3355,0.329,0.3355
RG049,medium,pure,0.0,0.398185,0.20363,0.398185
RG049,medium,weighted,0.0038390061,0.431071,0.137859,0.431071
RG049,medium,clipped,0.0087259941,0.340316,0.319367,0.340316
RG049,low,pure,-0.0,0.349546,0.300907,0.349546
RG049,low,weighted,0.0002830402,0.360343,0.279315,0.360343
RG049,low,clipped,0.0004416434,0.335746,0.328508,0.335746
RG050,high,pure,-0.0,0.057714,0.471143,0.471143
RG050,high,weighted,0.0165958684,0.021262,0.336568,0.64217
RG050,high,clipped,0.0640051775,0.329,0.3355,0.3355
RG050,medium,pure,0.0,0.20363,0.398185,0.398185
RG050,medium,weighted,0.0029623399,0.1566,0.378346,0.465053
RG050,medium,clipped,0.0087259941,0.319367,0.340316,0.340316
RG050,low,pure,-0.0,0.300907,0.349546,0.349546
RG050,low,weighted,0.0001759889,0.286273,0.348639,0.365088
RG050,low,clipped,0.0004416434,0.328508,0.335746,0.335746
RG051,high,pure,-0.0,0.057714,0.471143,0.471143
RG051,high,weighted,0.0182346803,0.013296,0.349654,0.637051
RG051,high,clipped,0.0640051775,0.329,0.3355,0.3355
RG051,medium,pure,0.0,0.20363,0.398185,0.398185
RG051,medium,weighted,0.0048550482,0.137315,0.390145,0.47254
RG051,medium,clipped,0.0087259941,0.319367,0.340316,0.340316
RG051,low,pure,-0.0,0.300907,0.349546,0.349546
RG051,low,weighted,0.0003249044,0.279269,0.352653,0.368078
RG051,low,clipped,0.0004416434,0.328508,0.335746,0.335746
RG052,high,pure,-0.0,0.471143,0.057714,0.471143
RG052,high,weighted,0.0165958684,0.336568,0.021262,0.64217
RG052,high,clipped,0.0640051775,0.3355,0.329,0.3355
RG052,medium,pure,0.0,0.398185,0.20363,0.398185
RG052,medium,weighted,0.0029623399,0.378346,0.1566,0.465053
RG052,medium,clipped,0.0087259941,0.340316,0.319367,0.340316
RG052,low,pure,0.0,0.349546,0.300907,0.349546
RG052,low,weighted,0.0001759889,0.348639,0.286273,0.365088
RG052,low,clipped,0.0004416434,0.335746,0.328508,0.335746
RG053,high,pure,0.0,0.471143,0.057714,0.471143
RG053,high,weighted,0.0017062277,0.48326,0.033481,0.48326
RG053,high,clipped,0.0640051775,0.3355,0.329,0.3355
RG053,medium,pure,0.0,0.398185,0.20363,0.398185
RG053,medium,weighted,0.0006351028,0.412152,0.175696,0.412152
RG053,medium,clipped,0.0087259941,0.340316,0.319367,0.340316
RG053,low,pure,-0.0,0.349546,0.300907,0.349546
RG053,low,weighted,4.31352e-05,0.353789,0.292422,0.353789
RG053,low,clipped,0.0004416434,0.335746,0.328508,0.335746
RG054,high,pure,-0.0,0.471143,0.057714,0.471143
RG054,high,weighted,0.0587147126,0.195655,0.011098,0.793246
RG054,high,clipped,0.0640051775,0.3355,0.329,0.3355
RG054,medium,pure,0.0,0.398185,0.20363,0.398185
RG054,medium,weighted,0.0093045384,0.337422,0.13494,0.527638
RG054,medium,clipped,0.0087259941,0.340316,0.319367,0.340316
RG054,low,pure,0.0,0.349546,0.300907,0.349546
RG054,low,weighted,0.0005108594,0.34248,0.279064,0.378456
RG054,low,clipped,0.0004416434,0.335746,0.328508,0.335746
RG055,high,pure,0.0,0.471143,0.057714,0.471143
RG055,high,weighted,0.0165958684,0.336568,0.021262,0.64217
RG055,high,clipped,0.0640051775,0.3355,0.329,0.3355
RG055,medium,pure,0.0,0.398185,0.20363,0.398185
RG055,medium,weighted,0.0029623399,0.378346,0.1566,0.465053
RG055,medium,clipped,0.0087259941,0.340316,0.319367,0.340316
RG055,low,pure,-0.0,0.349546,0.300907,0.349546
RG055,low,weighted,0.0001759889,0.348639,0.286273,0.365088
RG055,low,clipped,0.0004416434,0.335746,0.328508,0.335746
RG056,high,pure,-0.0,0.471143,0.057714,0.471143
RG056,high,weighted,0.0152040718,0.319719,0.036517,0.643764
RG056,high,clipped,0.0640051775,0.3355,0.329,0.3355
RG056,medium,pure,0.0,0.398185,0.20363,0.398185
RG056,medium,weighted,0.0016371237,0.363559,0.181812,0.454628
RG056,medium,clipped,0.0087259941,0.340316,0.319367,0.340316
RG056,low,pure,0.0,0.349546,0.300907,0.349546
RG056,low,weighted,7.86884e-05,0.343906,0.294577,0.361518
RG056,low,clipped,0.0004416434,0.335746,0.328508,0.335746
RG057,high,pure,0.0,0.471143,0.057714,0.471143
RG057,high,weighted,0.0280286607,0.259828,0.138396,0.601777
RG057,high,clipped,0.0640051775,0.3355,0.329,0.3355
RG057,medium,pure,-0.0,0.398185,0.20363,0.398185
RG057,medium,weighted,0.0040730931,0.319956,0.261648,0.418396
RG057,medium,clipped,0.0087259941,0.340316,0.319367,0.340316
RG057,low,pure,-0.0,0.349546,0.300907,0.349546
RG057,low,weighted,0.0002254757,0.331366,0.316801,0.351833
RG057,low,clipped,0.0004416434,0.335746,0.328508,0.335746
RG058,high,pure,0.0,0.471143,0.471143,0.057714
RG058,high,weighted,0.0164067934,0.296227,0.635647,0.068126
RG058,high,clipped,0.0640051775,0.3355,0.3355,0.329
RG058,medium,pure,0.0,0.398185,0.398185,0.20363
RG058,medium,weighted,0.0015674522,0.344646,0.439826,0.215528
RG058,medium,clipped,0.0087259941,0.340316,0.340316,0.319367
RG058,low,pure,0.0,0.349546,0.349546,0.300907
RG058,low,weighted,7.25958e-05,0.338246,0.357187,0.304567
RG058,low,clipped,0.0004416434,0.335746,0.335746,0.328508
RG059,high,pure,0.0,0.471143,0.057714,0.471143
RG059,high,weighted,0.0587147126,0.195655,0.011098,0.793246
RG059,high,clipped,0.0640051775,0.3355,0.329,0.3355
RG059,medium,pure,0.0,0.398185,0.20363,0.398185
RG059,medium,weighted,0.0093045384,0.337422,0.13494,0.527638
RG059,medium,clipped,0.0087259941,0.340316,0.319367,0.340316
RG059,low,pure,-0.0,0.349546,0.300907,0.349546
RG059,low,weighted,0.0005108594,0.34248,0.279064,0.378456
RG059,low,clipped,0.0004416434,0.335746,0.328508,0.335746
RG060,high,pure,0.0,0.471143,0.471143,0.057714
RG060,high,weighted,0.0626340086,0.17508,0.806156,0.018764
RG060,high,clipped,0.0640051775,0.3355,0.3355,0.329
RG060,medium,pure,-0.0,0.398185,0.398185,0.20363
RG060,medium,weighted,0.007788433,0.320654,0.522216,0.15713
RG060,medium,clipped,0.0087259941,0.340316,0.340316,0.319367
RG060,low,pure,0.0,0.349546,0.349546,0.300907
RG060,low,weighted,0.0003729483,0.336949,0.375741,0.28731
RG060,low,clipped,0.0004416434,0.335746,0.335746,0.328508
RG061,high,pure,0.0,0.471143,0.471143,0.057714
RG061,high,weighted,0.0675005571,0.15165,0.813474,0.034876
RG061,high,clipped,0.0640051775,0.3355,0.3355,0.329
RG061,medium,pure,-0.0,0.398185,0.398185,0.20363
RG061,medium,weighted,0.0072516043,0.299818,0.512688,0.187494
RG061,medium,clipped,0.0087259941,0.340316,0.340316,0.319367
RG061,low,pure,0.0,0.349546,0.349546,0.300907
RG061,low,weighted,0.0003216343,0.330275,0.372335,0.29739
RG061,low,clipped,0.0004416434,0.335746,0.335746,0.328508
RG062,high,pure,-0.0,0.057714,0.471143,0.471143
RG062,high,weighted,0.0036323668,0.024365,0.487818,0.487818
RG062,high,clipped,0.0640051775,0.329,0.3355,0.3355
RG062,medium,pure,0.0,0.20363,0.398185,0.398185
RG062,medium,weighted,0.0015215096,0.161069,0.419465,0.419465
RG062,medium,clipped,0.0087259941,0.319367,0.340316,0.340316
RG062,low,pure,-0.0,0.300907,0.349546,0.349546
RG062,low,weighted,0.0001063723,0.287614,0.356193,0.356193
RG062,low,clipped,0.0004416434,0.328508,0.335746,0.335746
RG063,high,pure,0.0,0.471143,0.057714,0.471143
RG063,high,weighted,0.0074521436,0.493055,0.01389,0.493055
RG063,high,clipped,0.0640051775,0.3355,0.329,0.3355
RG063,medium,pure,0.0,0.398185,0.20363,0.398185
RG063,medium,weighted,0.0038390061,0.431071,0.137859,0.431071
RG063,medium,clipped,0.0087259941,0.340316,0.319367,0.340316
RG063,low,pure,-0.0,0.349546,0.300907,0.349546
RG063,low,weighted,0.0002830402,0.360343,0.279315,0.360343
RG063,low,clipped,0.0004416434,0.335746,0.328508,0.335746
RG064,high,pure,0.0,0.471143,0.471143,0.057714
RG064,high,weighted,0.0035304801,0.448435,0.448435,0.10313
RG064,high,clipped,0.0640051775,0.3355,0.3355,0.329
RG064,medium,pure,0.0,0.398185,0.398185,0.20363
RG064,medium,weighted,0.000868647,0.3809,0.3809,0.2382
RG064,medium,clipped,0.0087259941,0.340316,0.340316,0.319367
RG064,low,pure,0.0,0.349546,0.349546,0.300907
RG064,low,weighted,5.35985e-05,0.344776,0.344776,0.310447
RG064,low,clipped,0.0004416434,0.335746,0.335746,0.328508
RG065,high,pure,0.0,0.471143,0.057714,0.471143
RG065,high,weighted,0.0002728799,0.47635,0.0473,0.47635
RG065,high,clipped,0.0640051775,0.3355,0.329,0.3355
RG065,medium,pure,-0.0,0.398185,0.20363,0.398185
RG065,medium,weighted,8.93431e-05,0.403515,0.192971,0.403515
RG065,medium,clipped,0.0087259941,0.340316,0.319367,0.340316
RG065,low,pure,-0.0,0.349546,0.300907,0.349546
RG065,low,weighted,5.8856e-06,0.351118,0.297765,0.351118
RG065,low,clipped,0.0004416434,0.335746,0.328508,0.335746
RG066,high,pure,0.0,0.057714,0.471143,0.471143
RG066,high,weighted,0.0036323668,0.024365,0.487818,0.487818
RG066,high,clipped,0.0640051775,0.329,0.3355,0.3355
RG066,medium,pure,0.0,0.20363,0.398185,0.398185
RG066,medium,weighted,0.0015215096,0.161069,0.419465,0.419465
RG066,medium,clipped,0.0087259941,0.319367,0.340316,0.340316
RG066,low,pure,-0.0,0.300907,0.349546,0.349546
RG066,low,weighted,0.0001063723,0.287614,0.356193,0.356193
RG066,low,clipped,0.0004416434,0.328508,0.335746,0.335746
RG067,high,pure,0.0,0.471143,0.057714,0.471143
RG067,high,weighted,0.0279535831,0.297713,0.012764,0.689523
RG067,high,clipped,0.0640051775,0.3355,0.329,0.3355
RG067,medium,pure,0.0,0.398185,0.20363,0.398185
RG067,medium,weighted,0.0058252549,0.374059,0.136796,0.489145
RG067,medium,clipped,0.0087259941,0.340316,0.319367,0.340316
RG067,low,pure,-0.0,0.349546,0.300907,0.349546
RG067,low,weighted,0.0003650856,0.349591,0.279224,0.371184
RG067,low,clipped,0.0004416434,0.335746,0.328508,0.335746
RG068,high,pure,0.0,0.471143,0.057714,0.471143
RG068,high,weighted,0.0275951832,0.275251,0.024896,0.699853
RG068,high,clipped,0.0640051775,0.3355,0.329,0.3355
RG068,medium,pure,0.0,0.398185,0.20363,0.398185
RG068,medium,weighted,0.0034799435,0.355693,0.165106,0.4792
RG068,medium,clipped,0.0087259941,0.340316,0.319367,0.340316
RG068,low,pure,-0.0,0.349546,0.300907,0.349546
RG068,low,weighted,0.0001776997,0.343491,0.289364,0.367144
RG068,low,clipped,0.0004416434,0.335746,0.328508,0.335746
RG069,high,pure,0.0,0.057714,0.471143,0.471143
RG069,high,weighted,0.0183232685,0.000946,0.499527,0.499527
RG069,high,clipped,0.0640051775,0.329,0.3355,0.3355
RG069,medium,pure,-0.0,0.20363,0.398185,0.398185
RG069,medium,weighted,0.0222703052,0.063245,0.468377,0.468377
RG069,medium,clipped,0.0087259941,0.319367,0.340316,0.340316
RG069,low,pure,-0.0,0.300907,0.349546,0.349546
RG069,low,weighted,0.0021790793,0.242227,0.378886,0.378886
RG069,low,clipped,0.0004416434,0.328508,0.335746,0.335746
RG070,high,pure,0.0,0.471143,0.057714,0.471143
RG070,high,weighted,0.0370425077,0.376352,0.247297,0.376352
RG070,high,clipped,0.0640051775,0.3355,0.329,0.3355
RG070,medium,pure,-0.0,0.398185,0.20363,0.398185
RG070,medium,weighted,0.006710965,0.347889,0.304223,0.347889
RG070,medium,clipped,0.0087259941,0.340316,0.319367,0.340316
RG070,low,pure,-0.0,0.349546,0.300907,0.349546
RG070,low,weighted,0.0003864905,0.336646,0.326708,0.336646
RG070,low,clipped,0.0004416434,0.335746,0.328508,0.335746
RG071,high,pure,0.0,0.057714,0.471143,0.471143
RG071,high,weighted,0.0279535831,0.012764,0.689523,0.297713
RG071,high,clipped,0.0640051775,0.329,0.3355,0.3355
RG071,medium,pure,0.0,0.20363,0.398185,0.398185
RG071,medium,weighted,0.0058252549,0.136796,0.489145,0.374059
RG071,medium,clipped,0.0087259941,0.319367,0.340316,0.340316
RG071,low,pure,0.0,0.300907,0.349546,0.349546
RG071,low,weighted,0.0003650856,0.279224,0.371184,0.349591
RG071,low,clipped,0.0004416434,0.328508,0.335746,0.335746
RG072,high,pure,-0.0,0.471143,0.057714,0.471143
RG072,high,weighted,0.0036323668,0.487818,0.024365,0.487818
RG072,high,clipped,0.0640051775,0.3355,0.329,0.3355
RG072,medium,pure,0.0,0.398185,0.20363,0.398185
RG072,medium,weighted,0.0015215096,0.419465,0.161069,0.419465
RG072,medium,clipped,0.0087259941,0.340316,0.319367,0.340316
RG072,low,pure,0.0,0.349546,0.300907,0.349546
RG072,low,weighted,0.0001063723,0.356193,0.287614,0.356193
RG072,low,clipped,0.0004416434,0.335746,0.328508,0.335746
RG073,high,pure,0.0,0.471143,0.471143,0.057714
RG073,high,weighted,0.0074521436,0.493055,0.493055,0.01389
RG073,high,clipped,0.0640051775,0.3355,0.3355,0.329
RG073,medium,pure,0.0,0.398185,0.398185,0.20363
RG073,medium,weighted,0.0038390061,0.431071,0.431071,0.137859
RG073,medium,clipped,0.0087259941,0.340316,0.340316,0.319367
RG073,low,pure,-0.0,0.349546,0.349546,0.300907
RG073,low,weighted,0.0002830402,0.360343,0.360343,0.279315
RG073,low,clipped,0.0004416434,0.335746,0.335746,0.328508
RG074,high,pure,-0.0,0.471143,0.057714,0.471143
RG074,high,weighted,0.0275951832,0.275251,0.024896,0.699853
RG074,high,clipped,0.0640051775,0.3355,0.329,0.3355
RG074,medium,pure,0.0,0.398185,0.20363,0.398185
RG074,medium,weighted,0.0034799435,0.355693,0.165106,0.4792
RG074,medium,clipped,0.0087259941,0.340316,0.319367,0.340316
RG074,low,pure,0.0,0.349546,0.300907,0.349546
RG074,low,weighted,0.0001776997,0.343491,0.289364,0.367144
RG074,low,clipped,0.0004416434,0.335746,0.328508,0.335746
RG075,high,pure,-0.0,0.471143,0.057714,0.471143
RG075,high,weighted,0.0279535831,0.297713,0.012764,0.689523
RG075,high,clipped,0.0640051775,0.3355,0.329,0.3355
RG075,medium,pure,0.0,0.398185,0.20363,0.398185
RG075,medium,weighted,0.0058252549,0.374059,0.136796,0.489145
RG075,medium,clipped,0.0087259941,0.340316,0.319367,0.340316
RG075,low,pure,0.0,0.349546,0.300907,0.349546
RG075,low,weighted,0.0003650856,0.349591,0.279224,0.371184
RG075,low,clipped,0.0004416434,0.335746,0.328508,0.335746
RG076,high,pure,0.0,0.471143,0.471143,0.057714
RG076,high,weighted,0.0275951832,0.275251,0.699853,0.024896
RG076,high,clipped,0.0640051775,0.3355,0.3355,0.329
RG076,medium,pure,0.0,0.398185,0.398185,0.20363
RG076,medium,weighted,0.0034799435,0.355693,0.4792,0.165106
RG076,medium,clipped,0.0087259941,0.340316,0.340316,0.319367
RG076,low,pure,-0.0,0.349546,0.349546,0.300907
RG076,low,weighted,0.0001776997,0.343491,0.367144,0.289364
RG076,low,clipped,0.0004416434,0.335746,0.335746,0.328508
RG077,high,pure,-0.0,0.057714,0.471143,0.471143
RG077,high,weighted,0.0279535831,0.012764,0.689523,0.297713
RG077,high,clipped,0.0640051775,0.329,0.3355,0.3355
RG077,medium,pure,0.0,0.20363,0.398185,0.398185
RG077,medium,weighted,0.0058252549,0.136796,0.489145,0.374059
RG077,medium,clipped,0.0087259941,0.319367,0.340316,0.340316
RG077,low,pure,-0.0,0.300907,0.349546,0.349546
RG077,low,weighted,0.0003650856,0.279224,0.371184,0.349591
RG077,low,clipped,0.0004416434,0.328508,0.335746,0.335746
RG078,high,pure,-0.0,0.471143,0.057714,0.471143
RG078,high,weighted,0.0293987182,0.244669,0.056269,0.699063
RG078,high,clipped,0.0640051775,0.3355,0.329,0.3355
RG078,medium,pure,0.0,0.398185,0.20363,0.398185
RG078,medium,weighted,0.0027709814,0.330718,0.206817,0.462465
RG078,medium,clipped,0.0087259941,0.340316,0.319367,0.340316
RG078,low,pure,0.0,0.349546,0.300907,0.349546
RG078,low,weighted,0.0001236381,0.335771,0.302338,0.361892
RG078,low,clipped,0.0004416434,0.335746,0.328508,0.335746
RG079,high,pure,0.0,0.471143,0.057714,0.471143
RG079,high,weighted,0.0275951832,0.275251,0.024896,0.699853
RG079,high,clipped,0.0640051775,0.3355,0.329,0.3355
RG079,medium,pure,0.0,0.398185,0.20363,0.398185
RG079,medium,weighted,0.0034799435,0.355693,0.165106,0.4792
RG079,medium,clipped,0.0087259941,0.340316,0.319367,0.340316
RG079,low,pure,-0.0,0.349546,0.300907,0.349546
RG079,low,weighted,0.0001776997,0.343491,0.289364,0.367144
RG079,low,clipped,0.0004416434,0.335746,0.328508,0.335746
RG080,high,pure,-0.0,0.471143,0.057714,0.471143
RG080,high,weighted,0.0017062277,0.48326,0.033481,0.48326
RG080,high,clipped,0.0640051775,0.3355,0.329,0.3355
RG080,medium,pure,0.0,0.398185,0.20363,0.398185
RG080,medium,weighted,0.0006351028,0.412152,0.175696,0.412152
RG080,medium,clipped,0.0087259941,0.340316,0.319367,0.340316
RG080,low,pure,0.0,0.349546,0.300907,0.349546
RG080,low,weighted,4.31352e-05,0.353789,0.292422,0.353789
RG080,low,clipped,0.0004416434,0.335746,0.328508,0.335746
RG081,high,pure,-0.0,0.471143,0.057714,0.471143
RG081,high,weighted,0.0074521436,0.493055,0.01389,0.493055
RG081,high,clipped,0.0640051775,0.3355,0.329,0.3355
RG081,medium,pure,0.0,0.398185,0.20363,0.398185
RG081,medium,weighted,0.0038390061,0.431071,0.137859,0.431071
RG081,medium,clipped,0.0087259941,0.340316,0.319367,0.340316
RG081,low,pure,0.0,0.349546,0.300907,0.349546
RG081,low,weighted,0.0002830402,0.360343,0.279315,0.360343
RG081,low,clipped,0.0004416434,0.335746,0.328508,0.335746
RG082,high,pure,0.0,0.471143,0.471143,0.057714
RG082,high,weighted,0.0675005571,0.15165,0.813474,0.034876
RG082,high,clipped,0.0640051775,0.3355,0.3355,0.329
RG082,medium,pure,0.0,0.398185,0.398185,0.20363
RG082,medium,weighted,0.0072516043,0.299818,0.512688,0.187494
RG082,medium,clipped,0.0087259941,0.340316,0.340316,0.319367
RG082,low,pure,-0.0,0.349546,0.349546,0.300907
RG082,low,weighted,0.0003216343,0.330275,0.372335,0.29739
RG082,low,clipped,0.0004416434,0.335746,0.335746,0.328508
RG083,high,pure,0.0,0.471143,0.057714,0.471143
RG083,high,weighted,0.0035304801,0.448435,0.10313,0.448435
RG083,high,clipped,0.0640051775,0.3355,0.329,0.3355
RG083,medium,pure,-0.0,0.398185,0.20363,0.398185
RG083,medium,weighted,0.000868647,0.3809,0.2382,0.3809
RG083,medium,clipped,0.0087259941,0.340316,0.319367,0.340316
RG083,low,pure,-0.0,0.349546,0.300907,0.349546
RG083,low,weighted,5.35985e-05,0.344776,0.310447,0.344776
RG083,low,clipped,0.0004416434,0.335746,0.328508,0.335746
RG084,high,pure,0.0,0.471143,0.057714,0.471143
RG084,high,weighted,0.0017062277,0.48326,0.033481,0.48326
RG084,high,clipped,0.0640051775,0.3355,0.329,0.3355
RG084,medium,pure,-0.0,0.398185,0.20363,0.398185
RG084,medium,weighted,0.0006351028,0.412152,0.175696,0.412152
RG084,medium,clipped,0.0087259941,0.340316,0.319367,0.340316
RG084,low,pure,-0.0,0.349546,0.300907,0.349546
RG084,low,weighted,4.31352e-05,0.353789,0.292422,0.353789
RG084,low,clipped,0.0004416434,0.335746,0.328508,0.335746
RG085,high,pure,0.0,0.471143,0.057714,0.471143
RG085,high,weighted,0.0074521436,0.493055,0.01389,0.493055
RG085,high,clipped,0.0640051775,0.3355,0.329,0.3355
RG085,medium,pure,-0.0,0.398185,0.20363,0.398185
RG085,medium,weighted,0.0038390061,0.431071,0.137859,0.431071
RG085,medium,clipped,0.0087259941,0.340316,0.319367,0.340316
RG085,low,pure,-0.0,0.349546,0.300907,0.349546
RG085,low,weighted,0.0002830402,0.360343,0.279315,0.360343
RG085,low,clipped,0.0004416434,0.335746,0.328508,0.335746
RG086,high,pure,0.0,0.333333,0.333333,0.333333
RG086,high,weighted,0.0471962382,0.181004,0.181004,0.637991
RG086,high,clipped,0.0,0.333333,0.333333,0.333333
RG086,medium,pure,0.0,0.333333,0.333333,0.333333
RG086,medium,weighted,0.0047425704,0.286093,0.286093,0.427813
RG086,medium,clipped,-0.0,0.333333,0.333333,0.333333
RG086,low,pure,0.0,0.333333,0.333333,0.333333
RG086,low,weighted,0.000227734,0.323199,0.323199,0.353601
RG086,low,clipped,0.0,0.333333,0.333333,0.333333
RG087,high,pure,0.0,0.333333,0.333333,0.333333
RG087,high,weighted,0.0097388611,0.265046,0.265046,0.469909
RG087,high,clipped,0.0,0.333333,0.333333,0.333333
RG087,medium,pure,0.0,0.333333,0.333333,0.333333
RG087,medium,weighted,0.0009552268,0.312433,0.312433,0.375134
RG087,medium,clipped,-0.0,0.333333,0.333333,0.333333
RG087,low,pure,0.0,0.333333,0.333333,0.333333
RG087,low,weighted,4.66947e-05,0.328762,0.328762,0.342475
RG087,low,clipped,0.0,0.333333,0.333333,0.333333
RG088,high,pure,0.0,0.333333,0.333333,0.333333
RG088,high,weighted,-0.0,0.333333,0.333333,0.333333
RG088,high,clipped,0.0,0.333333,0.333333,0.333333
RG088,medium,pure,0.0,0.333333,0.333333,0.333333
RG088,medium,weighted,-0.0,0.333333,0.333333,0.333333
RG088,medium,clipped,-0.0,0.333333,0.333333,0.333333
RG088,low,pure,0.0,0.333333,0.333333,0.333333
RG088,low,weighted,0.0,0.333333,0.333333,0.333333
RG088,low,clipped,0.0,0.333333,0.333333,0.333333
RG089,high,pure,0.0,0.333333,0.333333,0.333333
RG089,high,weighted,-0.0,0.333333,0.333333,0.333333
RG089,high,clipped,0.0,0.333333,0.333333,0.333333
RG089,medium,pure,0.0,0.333333,0.333333,0.333333
RG089,medium,weighted,-0.0,0.333333,0.333333,0.333333
RG089,medium,clipped,-0.0,0.333333,0.333333,0.333333
RG089,low,pure,0.0,0.333333,0.333333,0.333333
RG089,low,weighted,0.0,0.333333,0.333333,0.333333
RG089,low,clipped,-0.0,0.333333,0.333333,0.333333
RG090,high,pure,0.0,0.333333,0.333333,0.333333
RG090,high,weighted,0.0097388611,0.265046,0.469909,0.265046
RG090,high,clipped,0.0,0.333333,0.333333,0.333333
RG090,medium,pure,-0.0,0.333333,0.333333,0.333333
RG090,medium,weighted,0.0009552268,0.312433,0.375134,0.312433
RG090,medium,clipped,0.0,0.333333,0.333333,0.333333
RG090,low,pure,0.0,0.333333,0.333333,0.333333
RG090,low,weighted,4.66947e-05,0.328762,0.342475,0.328762
RG090,low,clipped,-0.0,0.333333,0.333333,0.333333
RG091,high,pure,0.0,0.333333,0.333333,0.333333
RG091,high,weighted,0.0097388611,0.265046,0.265046,0.469909
RG091,high,clipped,0.0,0.333333,0.333333,0.333333
RG091,medium,pure,0.0,0.333333,0.333333,0.333333
RG091,medium,weighted,0.0009552268,0.312433,0.312433,0.375134
RG091,medium,clipped,-0.0,0.333333,0.333333,0.333333
RG091,low,pure,0.0,0.333333,0.333333,0.333333
RG091,low,weighted,4.66947e-05,0.328762,0.328762,0.342475
RG091,low,clipped,0.0,0.333333,0.333333,0.333333
RG092,high,pure,0.0,0.333333,0.333333,0.333333
RG092,high,weighted,0.0097388611,0.265046,0.265046,0.469909
RG092,high,clipped,0.0,0.333333,0.333333,0.333333
RG092,medium,pure,0.0,0.333333,0.333333,0.333333
RG092,medium,weighted,0.0009552268,0.312433,0.312433,0.375134
RG092,medium,clipped,-0.0,0.333333,0.333333,0.333333
RG092,low,pure,0.0,0.333333,0.333333,0.333333
RG092,low,weighted,4.66947e-05,0.328762,0.328762,0.342475
RG092,low,clipped,-0.0,0.333333,0.333333,0.333333
RG093,high,pure,0.0,0.333333,0.333333,0.333333
RG093,high,weighted,0.0471962382,0.181004,0.181004,0.637991
RG093,high,clipped,0.0,0.333333,0.333333,0.333333
RG093,medium,pure,0.0,0.333333,0.333333,0.333333
RG093,medium,weighted,0.0047425704,0.286093,0.286093,0.427813
RG093,medium,clipped,-0.0,0.333333,0.333333,0.333333
RG093,low,pure,0.0,0.333333,0.333333,0.333333
RG093,low,weighted,0.000227734,0.323199,0.323199,0.353601
RG093,low,clipped,-0.0,0.333333,0.333333,0.333333
RG094,high,pure,0.0,0.333333,0.333333,0.333333
RG094,high,weighted,0.0096214037,0.210312,0.394844,0.394844
RG094,high,clipped,0.0,0.333333,0.333333,0.333333
RG094,medium,pure,0.0,0.333333,0.333333,0.333333
RG094,medium,weighted,0.0010836406,0.290217,0.354892,0.354892
RG094,medium,clipped,-0.0,0.333333,0.333333,0.333333
RG094,low,pure,0.0,0.333333,0.333333,0.333333
RG094,low,weighted,5.56967e-05,0.32342,0.33829,0.33829
RG094,low,clipped,0.0,0.333333,0.333333,0.333333
RG095,high,pure,0.0,0.333333,0.333333,0.333333
RG095,high,weighted,0.0096214037,0.210312,0.394844,0.394844
RG095,high,clipped,0.0,0.333333,0.333333,0.333333
RG095,medium,pure,0.0,0.333333,0.333333,0.333333
RG095,medium,weighted,0.0010836406,0.290217,0.354892,0.354892
RG095,medium,clipped,-0.0,0.333333,0.333333,0.333333
RG095,low,pure,0.0,0.333333,0.333333,0.333333
RG095,low,weighted,5.56967e-05,0.32342,0.33829,0.33829
RG095,low,clipped,-0.0,0.333333,0.333333,0.333333
RG096,high,pure,0.0,0.333333,0.333333,0.333333
RG096,high,weighted,0.0370016397,0.141486,0.284886,0.573628
RG096,high,clipped,0.0,0.333333,0.333333,0.333333
RG096,medium,pure,0.0,0.333333,0.333333,0.333333
RG096,medium,weighted,0.0041211332,0.262176,0.32785,0.409974
RG096,medium,clipped,-0.0,0.333333,0.333333,0.333333
RG096,low,pure,0.0,0.333333,0.333333,0.333333
RG096,low,weighted,0.000207762,0.316831,0.333056,0.350113
RG096,low,clipped,0.0,0.333333,0.333333,0.333333
RG097,high,pure,0.0,0.333333,0.333333,0.333333
RG097,high,weighted,0.0096214037,0.210312,0.394844,0.394844
RG097,high,clipped,0.0,0.333333,0.333333,0.333333
RG097,medium,pure,0.0,0.333333,0.333333,0.333333
RG097,medium,weighted,0.0010836406,0.290217,0.354892,0.354892
RG097,medium,clipped,-0.0,0.333333,0.333333,0.333333
RG097,low,pure,0.0,0.333333,0.333333,0.333333
RG097,low,weighted,5.56967e-05,0.32342,0.33829,0.33829
RG097,low,clipped,0.0,0.333333,0.333333,0.333333
RG098,high,pure,0.0,0.013192,0.879119,0.107689
RG098,high,weighted,0.0147672947,0.000621,0.965813,0.033565
RG098,high,clipped,0.0913835538,0.229302,0.536386,0.234312
RG098,medium,pure,0.0,0.147511,0.564041,0.288448
RG098,medium,weighted,0.0125114395,0.066527,0.695589,0.237883
RG098,medium,clipped,0.016462987,0.279749,0.412482,0.30777
RG098,low,pure,-0.0,0.284815,0.384332,0.330853
RG098,low,weighted,0.0010111924,0.24883,0.420391,0.330779
RG098,low,clipped,0.0008859279,0.318617,0.349562,0.331821
RG099,high,pure,0.0,0.013192,0.879119,0.107689
RG099,high,weighted,0.0090711823,0.000373,0.945968,0.053659
RG099,high,clipped,0.0913835538,0.229302,0.536386,0.234312
RG099,medium,pure,0.0,0.147511,0.564041,0.288448
RG099,medium,weighted,0.0135439073,0.055199,0.674899,0.269902
RG099,medium,clipped,0.016462987,0.279749,0.412482,0.30777
RG099,low,pure,0.0,0.284815,0.384332,0.330853
RG099,low,weighted,0.0013966854,0.23951,0.419042,0.341449
RG099,low,clipped,0.0008859279,0.318617,0.349562,0.331821
RG100,high,pure,0.0,0.333333,0.333333,0.333333
RG100,high,weighted,0.0370016397,0.284886,0.141486,0.573628
RG100,high,clipped,0.0,0.333333,0.333333,0.333333
RG100,medium,pure,0.0,0.333333,0.333333,0.333333
RG100,medium,weighted,0.0041211332,0.32785,0.262176,0.409974
RG100,medium,clipped,-0.0,0.333333,0.333333,0.333333
RG100,low,pure,0.0,0.333333,0.333333,0.333333
RG100,low,weighted,0.000207762,0.333056,0.316831,0.350113
RG100,low,clipped,0.0,0.333333,0.333333,0.333333
RG101,high,pure,0.0,0.333333,0.333333,0.333333
RG101,high,weighted,0.0096214037,0.394844,0.394844,0.210312
RG101,high,clipped,0.0,0.333333,0.333333,0.333333
RG101,medium,pure,-0.0,0.333333,0.333333,0.333333
RG101,medium,weighted,0.0010836406,0.354892,0.354892,0.290217
RG101,medium,clipped,0.0,0.333333,0.333333,0.333333
RG101,low,pure,-0.0,0.333333,0.333333,0.333333
RG101,low,weighted,5.56967e-05,0.33829,0.33829,0.32342
RG101,low,clipped,0.0,0.333333,0.333333,0.333333
RG102,high,pure,-0.0,0.013192,0.107689,0.879119
RG102,high,weighted,0.0194813165,0.000938,0.022726,0.976337
RG102,high,clipped,0.0913835538,0.229302,0.234312,0.536386
RG102,medium,pure,0.0,0.147511,0.288448,0.564041
RG102,medium,weighted,0.0125787165,0.077118,0.213459,0.709423
RG102,medium,clipped,0.016462987,0.279749,0.30777,0.412482
RG102,low,pure,-0.0,0.284815,0.330853,0.384332
RG102,low,weighted,0.0008208946,0.256591,0.322131,0.421279
RG102,low,clipped,0.0008859279,0.318617,0.331821,0.349562
RG103,high,pure,0.0,0.333333,0.333333,0.333333
RG103,high,weighted,0.0097388611,0.469909,0.265046,0.265046
RG103,high,clipped,0.0,0.333333,0.333333,0.333333
RG103,medium,pure,0.0,0.333333,0.333333,0.333333
RG103,medium,weighted,0.0009552268,0.375134,0.312433,0.312433
RG103,medium,clipped,0.0,0.333333,0.333333,0.333333
RG103,low,pure,-0.0,0.333333,0.333333,0.333333
RG103,low,weighted,4.66947e-05,0.342475,0.328762,0.328762
RG103,low,clipped,0.0,0.333333,0.333333,0.333333
RG104,high,pure,0.0,0.013192,0.879119,0.107689
RG104,high,weighted,0.0147672947,0.000621,0.965813,0.033565
RG104,high,clipped,0.0913835538,0.229302,0.536386,0.234312
RG104,medium,pure,0.0,0.147511,0.564041,0.288448
RG104,medium,weighted,0.0125114395,0.066527,0.695589,0.237883
RG104,medium,clipped,0.016462987,0.279749,0.412482,0.30777
RG104,low,pure,-0.0,0.284815,0.384332,0.330853
RG104,low,weighted,0.0010111924,0.24883,0.420391,0.330779
RG104,low,clipped,0.0008859279,0.318617,0.349562,0.331821
RG105,high,pure,0.0,0.333333,0.333333,0.333333
RG105,high,weighted,0.0370016397,0.284886,0.141486,0.573628
RG105,high,clipped,0.0,0.333333,0.333333,0.333333
RG105,medium,pure,0.0,0.333333,0.333333,0.333333
RG105,medium,weighted,0.0041211332,0.32785,0.262176,0.409974
RG105,medium,clipped,-0.0,0.333333,0.333333,0.333333
RG105,low,pure,0.0,0.333333,0.333333,0.333333
RG105,low,weighted,0.000207762,0.333056,0.316831,0.350113
RG105,low,clipped,0.0,0.333333,0.333333,0.333333
RG106,high,pure,0.0,0.333333,0.333333,0.333333
RG106,high,weighted,-0.0,0.333333,0.333333,0.333333
RG106,high,clipped,0.0,0.333333,0.333333,0.333333
RG106,medium,pure,0.0,0.333333,0.333333,0.333333
RG106,medium,weighted,-0.0,0.333333,0.333333,0.333333
RG106,medium,clipped,-0.0,0.333333,0.333333,0.333333
RG106,low,pure,0.0,0.333333,0.333333,0.333333
RG106,low,weighted,0.0,0.333333,0.333333,0.333333
RG106,low,clipped,0.0,0.333333,0.333333,0.333333
RG107,high,pure,0.0,0.333333,0.333333,0.333333
RG107,high,weighted,-0.0,0.333333,0.333333,0.333333
RG107,high,clipped,0.0,0.333333,0.333333,0.333333
RG107,medium,pure,0.0,0.333333,0.333333,0.333333
RG107,medium,weighted,-0.0,0.333333,0.333333,0.333333
RG107,medium,clipped,-0.0,0.333333,0.333333,0.333333
RG107,low,pure,0.0,0.333333,0.333333,0.333333
RG107,low,weighted,0.0,0.333333,0.333333,0.333333
RG107,low,clipped,-0.0,0.333333,0.333333,0.333333
RG108,high,pure,0.0,0.333333,0.333333,0.333333
RG108,high,weighted,0.0930587772,0.045618,0.275892,0.67849
RG108,high,clipped,0.0,0.333333,0.333333,0.333333
RG108,medium,pure,0.0,0.333333,0.333333,0.333333
RG108,medium,weighted,0.014413435,0.194356,0.345331,0.460313
RG108,medium,clipped,0.0,0.333333,0.333333,0.333333
RG108,low,pure,-0.0,0.333333,0.333333,0.333333
RG108,low,weighted,0.0007879653,0.298553,0.339467,0.36198
RG108,low,clipped,0.0,0.333333,0.333333,0.333333
RG109,high,pure,0.0,0.333333,0.333333,0.333333
RG109,high,weighted,0.1053671254,0.072405,0.768475,0.159119
RG109,high,clipped,0.0,0.333333,0.333333,0.333333
RG109,medium,pure,0.0,0.333333,0.333333,0.333333
RG109,medium,weighted,0.0126252305,0.226637,0.481925,0.291438
RG109,medium,clipped,0.0,0.333333,0.333333,0.333333
RG109,low,pure,-0.0,0.333333,0.333333,0.333333
RG109,low,weighted,0.0006211148,0.308509,0.365152,0.326339
RG109,low,clipped,0.0,0.333333,0.333333,0.333333
RG110,high,pure,0.0,0.333333,0.333333,0.333333
RG110,high,weighted,0.1175828265,0.098391,0.098391,0.803217
RG110,high,clipped,0.0,0.333333,0.333333,0.333333
RG110,medium,pure,0.0,0.333333,0.333333,0.333333
RG110,medium,weighted,0.0134302617,0.252817,0.252817,0.494367
RG110,medium,clipped,-0.0,0.333333,0.333333,0.333333
RG110,low,pure,0.0,0.333333,0.333333,0.333333
RG110,low,weighted,0.000638168,0.316292,0.316292,0.367417
RG110,low,clipped,0.0,0.333333,0.333333,0.333333
RG111,high,pure,0.0,0.333333,0.333333,0.333333
RG111,high,weighted,0.0471962382,0.181004,0.637991,0.181004
RG111,high,clipped,0.0,0.333333,0.333333,0.333333
RG111,medium,pure,-0.0,0.333333,0.333333,0.333333
RG111,medium,weighted,0.0047425704,0.286093,0.427813,0.286093
RG111,medium,clipped,0.0,0.333333,0.333333,0.333333
RG111,low,pure,-0.0,0.333333,0.333333,0.333333
RG111,low,weighted,0.000227734,0.323199,0.353601,0.323199
RG111,low,clipped,0.0,0.333333,0.333333,0.333333
RG112,high,pure,0.0,0.333333,0.333333,0.333333
RG112,high,weighted,0.0097388611,0.265046,0.469909,0.265046
RG112,high,clipped,0.0,0.333333,0.333333,0.333333
RG112,medium,pure,-0.0,0.333333,0.333333,0.333333
RG112,medium,weighted,0.0009552268,0.312433,0.375134,0.312433
RG112,medium,clipped,0.0,0.333333,0.333333,0.333333
RG112,low,pure,-0.0,0.333333,0.333333,0.333333
RG112,low,weighted,4.66947e-05,0.328762,0.342475,0.328762
RG112,low,clipped,0.0,0.333333,0.333333,0.333333
RG113,high,pure,0.0,0.333333,0.333333,0.333333
RG113,high,weighted,0.0370016397,0.141486,0.573628,0.284886
RG113,high,clipped,0.0,0.333333,0.333333,0.333333
RG113,medium,pure,0.0,0.333333,0.333333,0.333333
RG113,medium,weighted,0.0041211332,0.262176,0.409974,0.32785
RG113,medium,clipped,0.0,0.333333,0.333333,0.333333
RG113,low,pure,-0.0,0.333333,0.333333,0.333333
RG113,low,weighted,0.000207762,0.316831,0.350113,0.333056
RG113,low,clipped,0.0,0.333333,0.333333,0.333333
RG114,high,pure,0.0,0.333333,0.333333,0.333333
RG114,high,weighted,0.0096214037,0.210312,0.394844,0.394844
RG114,high,clipped,0.0,0.333333,0.333333,0.333333
RG114,medium,pure,-0.0,0.333333,0.333333,0.333333
RG114,medium,weighted,0.0010836406,0.290217,0.354892,0.354892
RG114,medium,clipped,0.0,0.333333,0.333333,0.333333
RG114,low,pure,-0.0,0.333333,0.333333,0.333333
RG114,low,weighted,5.56967e-05,0.32342,0.33829,0.33829
RG114,low,clipped,0.0,0.333333,0.333333,0.333333
RG115,high,pure,0.0,0.333333,0.333333,0.333333
RG115,high,weighted,0.0096214037,0.210312,0.394844,0.394844
RG115,high,clipped,0.0,0.333333,0.333333,0.333333
RG115,medium,pure,0.0,0.333333,0.333333,0.333333
RG115,medium,weighted,0.0010836406,0.290217,0.354892,0.354892
RG115,medium,clipped,0.0,0.333333,0.333333,0.333333
RG115,low,pure,0.0,0.333333,0.333333,0.333333
RG115,low,weighted,5.56967e-05,0.32342,0.33829,0.33829
RG115,low,clipped,-0.0,0.333333,0.333333,0.333333
RG116,high,pure,0.0,0.333333,0.333333,0.333333
RG116,high,weighted,0.0370016397,0.141486,0.284886,0.573628
RG116,high,clipped,0.0,0.333333,0.333333,0.333333
RG116,medium,pure,-0.0,0.333333,0.333333,0.333333
RG116,medium,weighted,0.0041211332,0.262176,0.32785,0.409974
RG116,medium,clipped,0.0,0.333333,0.333333,0.333333
RG116,low,pure,0.0,0.333333,0.333333,0.333333
RG116,low,weighted,0.000207762,0.316831,0.333056,0.350113
RG116,low,clipped,0.0,0.333333,0.333333,0.333333
RG117,high,pure,0.0,0.333333,0.333333,0.333333
RG117,high,weighted,0.0370016397,0.141486,0.284886,0.573628
RG117,high,clipped,0.0,0.333333,0.333333,0.333333
RG117,medium,pure,0.0,0.333333,0.333333,0.333333
RG117,medium,weighted,0.0041211332,0.262176,0.32785,0.409974
RG117,medium,clipped,0.0,0.333333,0.333333,0.333333
RG117,low,pure,-0.0,0.333333,0.333333,0.333333
RG117,low,weighted,0.000207762,0.316831,0.333056,0.350113
RG117,low,clipped,0.0,0.333333,0.333333,0.333333
RG118,high,pure,0.0,0.333333,0.333333,0.333333
RG118,high,weighted,0.0370016397,0.141486,0.573628,0.284886
RG118,high,clipped,0.0,0.333333,0.333333,0.333333
RG118,medium,pure,0.0,0.333333,0.333333,0.333333
RG118,medium,weighted,0.0041211332,0.262176,0.409974,0.32785
RG118,medium,clipped,0.0,0.333333,0.333333,0.333333
RG118,low,pure,0.0,0.333333,0.333333,0.333333
RG118,low,weighted,0.000207762,0.316831,0.350113,0.333056
RG118,low,clipped,-0.0,0.333333,0.333333,0.333333
RG119,high,pure,0.0,0.333333,0.333333,0.333333
RG119,high,weighted,0.1053671254,0.072405,0.159119,0.768475
RG119,high,clipped,0.0,0.333333,0.333333,0.333333
RG119,medium,pure,-0.0,0.333333,0.333333,0.333333
RG119,medium,weighted,0.0126252305,0.226637,0.291438,0.481925
RG119,medium,clipped,0.0,0.333333,0.333333,0.333333
RG119,low,pure,0.0,0.333333,0.333333,0.333333
RG119,low,weighted,0.0006211148,0.308509,0.326339,0.365152
RG119,low,clipped,0.0,0.333333,0.333333,0.333333
RG120,high,pure,0.0,0.333333,0.333333,0.333333
RG120,high,weighted,0.0447576994,0.093817,0.453092,0.453092
RG120,high,clipped,0.0,0.333333,0.333333,0.333333
RG120,medium,pure,0.0,0.333333,0.333333,0.333333
RG120,medium,weighted,0.0063339755,0.232169,0.383916,0.383916
RG120,medium,clipped,0.0,0.333333,0.333333,0.333333
RG120,low,pure,-0.0,0.333333,0.333333,0.333333
RG120,low,weighted,0.0003439137,0.308846,0.345577,0.345577
RG120,low,clipped,0.0,0.333333,0.333333,0.333333
RG121,high,pure,0.0,0.333333,0.333333,0.333333
RG121,high,weighted,0.0370016397,0.141486,0.284886,0.573628
RG121,high,clipped,0.0,0.333333,0.333333,0.333333
RG121,medium,pure,-0.0,0.333333,0.333333,0.333333
RG121,medium,weighted,0.0041211332,0.262176,0.32785,0.409974
RG121,medium,clipped,0.0,0.333333,0.333333,0.333333
RG121,low,pure,-0.0,0.333333,0.333333,0.333333
RG121,low,weighted,0.000207762,0.316831,0.333056,0.350113
RG121,low,clipped,0.0,0.333333,0.333333,0.333333
RG122,high,pure,0.0,0.333333,0.333333,0.333333
RG122,high,weighted,0.0370016397,0.141486,0.573628,0.284886
RG122,high,clipped,0.0,0.333333,0.333333,0.333333
RG122,medium,pure,0.0,0.333333,0.333333,0.333333
RG122,medium,weighted,0.0041211332,0.262176,0.409974,0.32785
RG122,medium,clipped,-0.0,0.333333,0.333333,0.333333
RG122,low,pure,0.0,0.333333,0.333333,0.333333
RG122,low,weighted,0.000207762,0.316831,0.350113,0.333056
RG122,low,clipped,-0.0,0.333333,0.333333,0.333333
RG123,high,pure,0.0,0.333333,0.333333,0.333333
RG123,high,weighted,0.0447576994,0.093817,0.453092,0.453092
RG123,high,clipped,0.0,0.333333,0.333333,0.333333
RG123,medium,pure,-0.0,0.333333,0.333333,0.333333
RG123,medium,weighted,0.0063339755,0.232169,0.383916,0.383916
RG123,medium,clipped,0.0,0.333333,0.333333,0.333333
RG123,low,pure,-0.0,0.333333,0.333333,0.333333
RG123,low,weighted,0.0003439137,0.308846,0.345577,0.345577
RG123,low,clipped,0.0,0.333333,0.333333,0.333333
RG124,high,pure,0.0,0.013192,0.107689,0.879119
RG124,high,weighted,0.0049002461,0.000219,0.085499,0.914282
RG124,high,clipped,0.0913835538,0.229302,0.234312,0.536386
RG124,medium,pure,0.0,0.147511,0.288448,0.564041
RG124,medium,weighted,0.0158932166,0.045305,0.304867,0.649828
RG124,medium,clipped,0.016462987,0.279749,0.30777,0.412482
RG124,low,pure,-0.0,0.284815,0.330853,0.384332
RG124,low,weighted,0.0019619707,0.230193,0.352438,0.417369
RG124,low,clipped,0.0008859279,0.318617,0.331821,0.349562
RG125,high,pure,0.0,0.333333,0.333333,0.333333
RG125,high,weighted,0.0,0.333333,0.333333,0.333333
RG125,high,clipped,0.0,0.333333,0.333333,0.333333
RG125,medium,pure,-0.0,0.333333,0.333333,0.333333
RG125,medium,weighted,0.0,0.333333,0.333333,0.333333
RG125,medium,clipped,0.0,0.333333,0.333333,0.333333
RG125,low,pure,-0.0,0.333333,0.333333,0.333333
RG125,low,weighted,-0.0,0.333333,0.333333,0.333333
RG125,low,clipped,0.0,0.333333,0.333333,0.333333
RG126,high,pure,0.0,0.333333,0.333333,0.333333
RG126,high,weighted,0.0,0.333333,0.333333,0.333333
RG126,high,clipped,0.0,0.333333,0.333333,0.333333
RG126,medium,pure,-0.0,0.333333,0.333333,0.333333
RG126,medium,weighted,0.0,0.333333,0.333333,0.333333
RG126,medium,clipped,0.0,0.333333,0.333333,0.333333
RG126,low,pure,0.0,0.333333,0.333333,0.333333
RG126,low,weighted,0.0,0.333333,0.333333,0.333333
RG126,low,clipped,-0.0,0.333333,0.333333,0.333333
RG127,high,pure,0.0,0.333333,0.333333,0.333333
RG127,high,weighted,0.0185929495,0.23823,0.52354,0.23823
RG127,high,clipped,0.0,0.333333,0.333333,0.333333
RG127,medium,pure,-0.0,0.333333,0.333333,0.333333
RG127,medium,weighted,0.0018220815,0.304328,0.391344,0.304328
RG127,medium,clipped,0.0,0.333333,0.333333,0.333333
RG127,low,pure,-0.0,0.333333,0.333333,0.333333
RG127,low,weighted,8.84968e-05,0.327033,0.345934,0.327033
RG127,low,clipped,0.0,0.333333,0.333333,0.333333
RG128,high,pure,0.0,0.333333,0.333333,0.333333
RG128,high,weighted,0.0185929495,0.23823,0.52354,0.23823
RG128,high,clipped,0.0,0.333333,0.333333,0.333333
RG128,medium,pure,0.0,0.333333,0.333333,0.333333
RG128,medium,weighted,0.0018220815,0.304328,0.391344,0.304328
RG128,medium,clipped,0.0,0.333333,0.333333,0.333333
RG128,low,pure,0.0,0.333333,0.333333,0.333333
RG128,low,weighted,8.84968e-05,0.327033,0.345934,0.327033
RG128,low,clipped,-0.0,0.333333,0.333333,0.333333
RG129,high,pure,0.0,0.333333,0.333333,0.333333
RG129,high,weighted,0.0909417744,0.124255,0.751489,0.124255
RG129,high,clipped,0.0,0.333333,0.333333,0.333333
RG129,medium,pure,0.0,0.333333,0.333333,0.333333
RG129,medium,weighted,0.0098143169,0.264775,0.47045,0.264775
RG129,medium,clipped,0.0,0.333333,0.333333,0.333333
RG129,low,pure,-0.0,0.333333,0.333333,0.333333
RG129,low,weighted,0.0004674247,0.318772,0.362456,0.318772
RG129,low,clipped,0.0,0.333333,0.333333,0.333333
RG130,high,pure,0.0,0.333333,0.333333,0.333333
RG130,high,weighted,0.0185929495,0.23823,0.52354,0.23823
RG130,high,clipped,0.0,0.333333,0.333333,0.333333
RG130,medium,pure,-0.0,0.333333,0.333333,0.333333
RG130,medium,weighted,0.0018220815,0.304328,0.391344,0.304328
RG130,medium,clipped,0.0,0.333333,0.333333,0.333333
RG130,low,pure,-0.0,0.333333,0.333333,0.333333
RG130,low,weighted,8.84968e-05,0.327033,0.345934,0.327033
RG130,low,clipped,0.0,0.333333,0.333333,0.333333
RG131,high,pure,0.0,0.333333,0.333333,0.333333
RG131,high,weighted,0.0,0.333333,0.333333,0.333333
RG131,high,clipped,0.0,0.333333,0.333333,0.333333
RG131,medium,pure,-0.0,0.333333,0.333333,0.333333
RG131,medium,weighted,0.0,0.333333,0.333333,0.333333
RG131,medium,clipped,0.0,0.333333,0.333333,0.333333
RG131,low,pure,-0.0,0.333333,0.333333,0.333333
RG131,low,weighted,-0.0,0.333333,0.333333,0.333333
RG131,low,clipped,0.0,0.333333,0.333333,0.333333
RG132,high,pure,0.0,0.333333,0.333333,0.333333
RG132,high,weighted,0.0,0.333333,0.333333,0.333333
RG132,high,clipped,0.0,0.333333,0.333333,0.333333
RG132,medium,pure,0.0,0.333333,0.333333,0.333333
RG132,medium,weighted,0.0,0.333333,0.333333,0.333333
RG132,medium,clipped,0.0,0.333333,0.333333,0.333333
RG132,low,pure,0.0,0.333333,0.333333,0.333333
RG132,low,weighted,0.0,0.333333,0.333333,0.333333
RG132,low,clipped,0.0,0.333333,0.333333,0.333333
RG133,high,pure,0.0,0.333333,0.333333,0.333333
RG133,high,weighted,0.0185929495,0.23823,0.52354,0.23823
RG133,high,clipped,0.0,0.333333,0.333333,0.333333
RG133,medium,pure,-0.0,0.333333,0.333333,0.333333
RG133,medium,weighted,0.0018220815,0.304328,0.391344,0.304328
RG133,medium,clipped,0.0,0.333333,0.333333,0.333333
RG133,low,pure,0.0,0.333333,0.333333,0.333333
RG133,low,weighted,8.84968e-05,0.327033,0.345934,0.327033
RG133,low,clipped,-0.0,0.333333,0.333333,0.333333
RG134,high,pure,0.0,0.333333,0.333333,0.333333
RG134,high,weighted,0.0909417744,0.124255,0.751489,0.124255
RG134,high,clipped,0.0,0.333333,0.333333,0.333333
RG134,medium,pure,0.0,0.333333,0.333333,0.333333
RG134,medium,weighted,0.0098143169,0.264775,0.47045,0.264775
RG134,medium,clipped,0.0,0.333333,0.333333,0.333333
RG134,low,pure,-0.0,0.333333,0.333333,0.333333
RG134,low,weighted,0.0004674247,0.318772,0.362456,0.318772
RG134,low,clipped,0.0,0.333333,0.333333,0.333333
RG135,high,pure,0.0,0.333333,0.333333,0.333333
RG135,high,weighted,0.0185929495,0.23823,0.23823,0.52354
RG135,high,clipped,0.0,0.333333,0.333333,0.333333
RG135,medium,pure,-0.0,0.333333,0.333333,0.333333
RG135,medium,weighted,0.0018220815,0.304328,0.304328,0.391344
RG135,medium,clipped,0.0,0.333333,0.333333,0.333333
RG135,low,pure,-0.0,0.333333,0.333333,0.333333
RG135,low,weighted,8.84968e-05,0.327033,0.327033,0.345934
RG135,low,clipped,0.0,0.333333,0.333333,0.333333
RG136,high,pure,0.0,0.333333,0.333333,0.333333
RG136,high,weighted,0.0185929495,0.23823,0.52354,0.23823
RG136,high,clipped,0.0,0.333333,0.333333,0.333333
RG136,medium,pure,0.0,0.333333,0.333333,0.333333
RG136,medium,weighted,0.0018220815,0.304328,0.391344,0.304328
RG136,medium,clipped,0.0,0.333333,0.333333,0.333333
RG136,low,pure,0.0,0.333333,0.333333,0.333333
RG136,low,weighted,8.84968e-05,0.327033,0.345934,0.327033
RG136,low,clipped,0.0,0.333333,0.333333,0.333333
RG137,high,pure,0.0,0.333333,0.333333,0.333333
RG137,high,weighted,0.0182172955,0.168961,0.415519,0.415519
RG137,high,clipped,0.0,0.333333,0.333333,0.333333
RG137,medium,pure,-0.0,0.333333,0.333333,0.333333
RG137,medium,weighted,0.0021726005,0.272782,0.363609,0.363609
RG137,medium,clipped,0.0,0.333333,0.333333,0.333333
RG137,low,pure,-0.0,0.333333,0.333333,0.333333
RG137,low,weighted,0.0001132826,0.319219,0.34039,0.34039
RG137,low,clipped,0.0,0.333333,0.333333,0.333333
RG138,high,pure,0.0,0.333333,0.333333,0.333333
RG138,high,weighted,0.0182172955,0.168961,0.415519,0.415519
RG138,high,clipped,0.0,0.333333,0.333333,0.333333
RG138,medium,pure,0.0,0.333333,0.333333,0.333333
RG138,medium,weighted,0.0021726005,0.272782,0.363609,0.363609
RG138,medium,clipped,0.0,0.333333,0.333333,0.333333
RG138,low,pure,-0.0,0.333333,0.333333,0.333333
RG138,low,weighted,0.0001132826,0.319219,0.34039,0.34039
RG138,low,clipped,0.0,0.333333,0.333333,0.333333
RG139,high,pure,0.0,0.333333,0.333333,0.333333
RG139,high,weighted,0.0182172955,0.415519,0.168961,0.415519
RG139,high,clipped,0.0,0.333333,0.333333,0.333333
RG139,medium,pure,-0.0,0.333333,0.333333,0.333333
RG139,medium,weighted,0.0021726005,0.363609,0.272782,0.363609
RG139,medium,clipped,0.0,0.333333,0.333333,0.333333
RG139,low,pure,-0.0,0.333333,0.333333,0.333333
RG139,low,weighted,0.0001132826,0.34039,0.319219,0.34039
RG139,low,clipped,0.0,0.333333,0.333333,0.333333
RG140,high,pure,0.0,0.333333,0.333333,0.333333
RG140,high,weighted,0.0182172955,0.415519,0.168961,0.415519
RG140,high,clipped,0.0,0.333333,0.333333,0.333333
RG140,medium,pure,-0.0,0.333333,0.333333,0.333333
RG140,medium,weighted,0.0021726005,0.363609,0.272782,0.363609
RG140,medium,clipped,0.0,0.333333,0.333333,0.333333
RG140,low,pure,-0.0,0.333333,0.333333,0.333333
RG140,low,weighted,0.0001132826,0.34039,0.319219,0.34039
RG140,low,clipped,0.0,0.333333,0.333333,0.333333
RG141,high,pure,0.0,0.333333,0.333333,0.333333
RG141,high,weighted,0.0802528201,0.038689,0.480656,0.480656
RG141,high,clipped,0.0,0.333333,0.333333,0.333333
RG141,medium,pure,0.0,0.333333,0.333333,0.333333
RG141,medium,weighted,0.0149743993,0.182742,0.408629,0.408629
RG141,medium,clipped,0.0,0.333333,0.333333,0.333333
RG141,low,pure,-0.0,0.333333,0.333333,0.333333
RG141,low,weighted,0.0008691837,0.294641,0.352679,0.352679
RG141,low,clipped,0.0,0.333333,0.333333,0.333333
RG142,high,pure,0.0,0.333333,0.333333,0.333333
RG142,high,weighted,0.074371907,0.08319,0.679121,0.237689
RG142,high,clipped,0.0,0.333333,0.333333,0.333333
RG142,medium,pure,0.0,0.333333,0.333333,0.333333
RG142,medium,weighted,0.009154188,0.229684,0.449133,0.321183
RG142,medium,clipped,0.0,0.333333,0.333333,0.333333
RG142,low,pure,-0.0,0.333333,0.333333,0.333333
RG142,low,weighted,0.0004671612,0.308696,0.358594,0.332711
RG142,low,clipped,0.0,0.333333,0.333333,0.333333
RG143,high,pure,0.0,0.333333,0.333333,0.333333
RG143,high,weighted,0.0909417744,0.124255,0.124255,0.751489
RG143,high,clipped,0.0,0.333333,0.333333,0.333333
RG143,medium,pure,0.0,0.333333,0.333333,0.333333
RG143,medium,weighted,0.0098143169,0.264775,0.264775,0.47045
RG143,medium,clipped,-0.0,0.333333,0.333333,0.333333
RG143,low,pure,0.0,0.333333,0.333333,0.333333
RG143,low,weighted,0.0004674247,0.318772,0.318772,0.362456
RG143,low,clipped,0.0,0.333333,0.333333,0.333333
RG144,high,pure,0.0,0.333333,0.333333,0.333333
RG144,high,weighted,0.0185929495,0.23823,0.23823,0.52354
RG144,high,clipped,0.0,0.333333,0.333333,0.333333
RG144,medium,pure,0.0,0.333333,0.333333,0.333333
RG144,medium,weighted,0.0018220815,0.304328,0.304328,0.391344
RG144,medium,clipped,-0.0,0.333333,0.333333,0.333333
RG144,low,pure,0.0,0.333333,0.333333,0.333333
RG144,low,weighted,8.84968e-05,0.327033,0.327033,0.345934
RG144,low,clipped,0.0,0.333333,0.333333,0.333333
RG145,high,pure,0.0,0.333333,0.333333,0.333333
RG145,high,weighted,-0.0,0.333333,0.333333,0.333333
RG145,high,clipped,0.0,0.333333,0.333333,0.333333
RG145,medium,pure,0.0,0.333333,0.333333,0.333333
RG145,medium,weighted,-0.0,0.333333,0.333333,0.333333
RG145,medium,clipped,-0.0,0.333333,0.333333,0.333333
RG145,low,pure,0.0,0.333333,0.333333,0.333333
RG145,low,weighted,0.0,0.333333,0.333333,0.333333
RG145,low,clipped,0.0,0.333333,0.333333,0.333333
RG146,high,pure,0.0,0.000918,0.499541,0.499541
RG146,high,weighted,0.0002919424,1.1e-05,0.499994,0.499994
RG146,high,clipped,0.0626746214,0.176058,0.411971,0.411971
RG146,medium,pure,-0.0,0.06268,0.46866,0.46866
RG146,medium,weighted,0.0076425505,0.016091,0.491954,0.491954
RG146,medium,clipped,0.0347270652,0.248236,0.375882,0.375882
RG146,low,pure,0.0,0.241835,0.379083,0.379083
RG146,low,weighted,0.0020784912,0.188881,0.405559,0.405559
RG146,low,clipped,0.0026216382,0.306377,0.346812,0.346812
RG147,high,pure,0.0,0.333333,0.333333,0.333333
RG147,high,weighted,0.0185929495,0.23823,0.52354,0.23823
RG147,high,clipped,0.0,0.333333,0.333333,0.333333
RG147,medium,pure,0.0,0.333333,0.333333,0.333333
RG147,medium,weighted,0.0018220815,0.304328,0.391344,0.304328
RG147,medium,clipped,0.0,0.333333,0.333333,0.333333
RG147,low,pure,-0.0,0.333333,0.333333,0.333333
RG147,low,weighted,8.84968e-05,0.327033,0.345934,0.327033
RG147,low,clipped,0.0,0.333333,0.333333,0.333333
RG148,high,pure,0.0,0.333333,0.333333,0.333333
RG148,high,weighted,0.0909417744,0.124255,0.751489,0.124255
RG148,high,clipped,0.0,0.333333,0.333333,0.333333
RG148,medium,pure,-0.0,0.333333,0.333333,0.333333
RG148,medium,weighted,0.0098143169,0.264775,0.47045,0.264775
RG148,medium,clipped,0.0,0.333333,0.333333,0.333333
RG148,low,pure,0.0,0.333333,0.333333,0.333333
RG148,low,weighted,0.0004674247,0.318772,0.362456,0.318772
RG148,low,clipped,-0.0,0.333333,0.333333,0.333333
RG149,high,pure,0.0,0.333333,0.333333,0.333333
RG149,high,weighted,0.0182172955,0.168961,0.415519,0.415519
RG149,high,clipped,0.0,0.333333,0.333333,0.333333
RG149,medium,pure,0.0,0.333333,0.333333,0.333333
RG149,medium,weighted,0.0021726005,0.272782,0.363609,0.363609
RG149,medium,clipped,0.0,0.333333,0.333333,0.333333
RG149,low,pure,-0.0,0.333333,0.333333,0.333333
RG149,low,weighted,0.0001132826,0.319219,0.34039,0.34039
RG149,low,clipped,0.0,0.333333,0.333333,0.333333
RG150,high,pure,0.0,0.333333,0.333333,0.333333
RG150,high,weighted,0.0182172955,0.168961,0.415519,0.415519
RG150,high,clipped,0.0,0.333333,0.333333,0.333333
RG150,medium,pure,0.0,0.333333,0.333333,0.333333
RG150,medium,weighted,0.0021726005,0.272782,0.363609,0.363609
RG150,medium,clipped,0.0,0.333333,0.333333,0.333333
RG150,low,pure,-0.0,0.333333,0.333333,0.333333
RG150,low,weighted,0.0001132826,0.319219,0.34039,0.34039
RG150,low,clipped,0.0,0.333333,0.333333,0.333333
RG151,high,pure,0.0,0.333333,0.333333,0.333333
RG151,high,weighted,0.0182172955,0.168961,0.415519,0.415519
RG151,high,clipped,0.0,0.333333,0.333333,0.333333
RG151,medium,pure,0.0,0.333333,0.333333,0.333333
RG151,medium,weighted,0.0021726005,0.272782,0.363609,0.363609
RG151,medium,clipped,0.0,0.333333,0.333333,0.333333
RG151,low,pure,-0.0,0.333333,0.333333,0.333333
RG151,low,weighted,0.0001132826,0.319219,0.34039,0.34039
RG151,low,clipped,0.0,0.333333,0.333333,0.333333
RG152,high,pure,0.0,0.333333,0.333333,0.333333
RG152,high,weighted,0.0182172955,0.168961,0.415519,0.415519
RG152,high,clipped,0.0,0.333333,0.333333,0.333333
RG152,medium,pure,-0.0,0.333333,0.333333,0.333333
RG152,medium,weighted,0.0021726005,0.272782,0.363609,0.363609
RG152,medium,clipped,0.0,0.333333,0.333333,0.333333
RG152,low,pure,0.0,0.333333,0.333333,0.333333
RG152,low,weighted,0.0001132826,0.319219,0.34039,0.34039
RG152,low,clipped,-0.0,0.333333,0.333333,0.333333
RG153,high,pure,0.0,0.333333,0.333333,0.333333
RG153,high,weighted,0.074371907,0.08319,0.237689,0.679121
RG153,high,clipped,0.0,0.333333,0.333333,0.333333
RG153,medium,pure,-0.0,0.333333,0.333333,0.333333
RG153,medium,weighted,0.009154188,0.229684,0.321183,0.449133
RG153,medium,clipped,0.0,0.333333,0.333333,0.333333
RG153,low,pure,0.0,0.333333,0.333333,0.333333
RG153,low,weighted,0.0004671612,0.308696,0.332711,0.358594
RG153,low,clipped,0.0,0.333333,0.333333,0.333333
RG154,high,pure,0.0,0.333333,0.333333,0.333333
RG154,high,weighted,0.0802528201,0.038689,0.480656,0.480656
RG154,high,clipped,0.0,0.333333,0.333333,0.333333
RG154,medium,pure,0.0,0.333333,0.333333,0.333333
RG154,medium,weighted,0.0149743993,0.182742,0.408629,0.408629
RG154,medium,clipped,0.0,0.333333,0.333333,0.333333
RG154,low,pure,-0.0,0.333333,0.333333,0.333333
RG154,low,weighted,0.0008691837,0.294641,0.352679,0.352679
RG154,low,clipped,0.0,0.333333,0.333333,0.333333
RG155,high,pure,0.0,0.333333,0.333333,0.333333
RG155,high,weighted,-0.0,0.333333,0.333333,0.333333
RG155,high,clipped,0.0,0.333333,0.333333,0.333333
RG155,medium,pure,0.0,0.333333,0.333333,0.333333
RG155,medium,weighted,-0.0,0.333333,0.333333,0.333333
RG155,medium,clipped,-0.0,0.333333,0.333333,0.333333
RG155,low,pure,0.0,0.333333,0.333333,0.333333
RG155,low,weighted,0.0,0.333333,0.333333,0.333333
RG155,low,clipped,0.0,0.333333,0.333333,0.333333
RG156,high,pure,0.0,0.333333,0.333333,0.333333
RG156,high,weighted,-0.0,0.333333,0.333333,0.333333
RG156,high,clipped,0.0,0.333333,0.333333,0.333333
RG156,medium,pure,0.0,0.333333,0.333333,0.333333
RG156,medium,weighted,-0.0,0.333333,0.333333,0.333333
RG156,medium,clipped,-0.0,0.333333,0.333333,0.333333
RG156,low,pure,0.0,0.333333,0.333333,0.333333
RG156,low,weighted,0.0,0.333333,0.333333,0.333333
RG156,low,clipped,-0.0,0.333333,0.333333,0.333333
RG157,high,pure,0.0,0.333333,0.333333,0.333333
RG157,high,weighted,0.0471962382,0.181004,0.181004,0.637991
RG157,high,clipped,0.0,0.333333,0.333333,0.333333
RG157,medium,pure,0.0,0.333333,0.333333,0.333333
RG157,medium,weighted,0.0047425704,0.286093,0.286093,0.427813
RG157,medium,clipped,-0.0,0.333333,0.333333,0.333333
RG157,low,pure,0.0,0.333333,0.333333,0.333333
RG157,low,weighted,0.000227734,0.323199,0.323199,0.353601
RG157,low,clipped,0.0,0.333333,0.333333,0.333333
RG158,high,pure,0.0,0.333333,0.333333,0.333333
RG158,high,weighted,0.0471962382,0.181004,0.637991,0.181004
RG158,high,clipped,0.0,0.333333,0.333333,0.333333
RG158,medium,pure,0.0,0.333333,0.333333,0.333333
RG158,medium,weighted,0.0047425704,0.286093,0.427813,0.286093
RG158,medium,clipped,0.0,0.333333,0.333333,0.333333
RG158,low,pure,-0.0,0.333333,0.333333,0.333333
RG158,low,weighted,0.000227734,0.323199,0.353601,0.323199
RG158,low,clipped,0.0,0.333333,0.333333,0.333333
RG159,high,pure,-0.0,0.098391,0.803217,0.098391
RG159,high,weighted,0.0248182962,0.026669,0.946662,0.026669
RG159,high,clipped,0.0386078597,0.227277,0.545447,0.227277
RG159,medium,pure,-0.0,0.252817,0.494367,0.252817
RG159,medium,weighted,0.0067633444,0.19505,0.609901,0.19505
RG159,medium,clipped,0.0024043316,0.287363,0.425275,0.287363
RG159,low,pure,0.0,0.316292,0.367417,0.316292
RG159,low,weighted,0.0003237562,0.303943,0.392115,0.303943
RG159,low,clipped,0.0001141738,0.323545,0.352909,0.323545
RG160,high,pure,0.0,0.098391,0.803217,0.098391
RG160,high,weighted,0.0248182962,0.026669,0.946662,0.026669
RG160,high,clipped,0.0386078597,0.227277,0.545447,0.227277
RG160,medium,pure,-0.0,0.252817,0.494367,0.252817
RG160,medium,weighted,0.0067633444,0.19505,0.609901,0.19505
RG160,medium,clipped,0.0024043316,0.287363,0.425275,0.287363
RG160,low,pure,0.0,0.316292,0.367417,0.316292
RG160,low,weighted,0.0003237562,0.303943,0.392115,0.303943
RG160,low,clipped,0.0001141738,0.323545,0.352909,0.323545
RG161,high,pure,0.0,0.098391,0.803217,0.098391
RG161,high,weighted,0.0248182962,0.026669,0.946662,0.026669
RG161,high,clipped,0.0386078597,0.227277,0.545447,0.227277
RG161,medium,pure,-0.0,0.252817,0.494367,0.252817
RG161,medium,weighted,0.0067633444,0.19505,0.609901,0.19505
RG161,medium,clipped,0.0024043316,0.287363,0.425275,0.287363
RG161,low,pure,0.0,0.316292,0.367417,0.316292
RG161,low,weighted,0.0003237562,0.303943,0.392115,0.303943
RG161,low,clipped,0.0001141738,0.323545,0.352909,0.323545
RG162,high,pure,0.0,0.098391,0.803217,0.098391
RG162,high,weighted,0.0248182962,0.026669,0.946662,0.026669
RG162,high,clipped,0.0386078597,0.227277,0.545447,0.227277
RG162,medium,pure,-0.0,0.252817,0.494367,0.252817
RG162,medium,weighted,0.0067633444,0.19505,0.609901,0.19505
RG162,medium,clipped,0.0024043316,0.287363,0.425275,0.287363
RG162,low,pure,0.0,0.316292,0.367417,0.316292
RG162,low,weighted,0.0003237562,0.303943,0.392115,0.303943
RG162,low,clipped,0.0001141738,0.323545,0.352909,0.323545
RG163,high,pure,0.0,0.098391,0.803217,0.098391
RG163,high,weighted,0.0248182962,0.026669,0.946662,0.026669
RG163,high,clipped,0.0386078597,0.227277,0.545447,0.227277
RG163,medium,pure,-0.0,0.252817,0.494367,0.252817
RG163,medium,weighted,0.0067633444,0.19505,0.609901,0.19505
RG163,medium,clipped,0.0024043316,0.287363,0.425275,0.287363
RG163,low,pure,0.0,0.316292,0.367417,0.316292
RG163,low,weighted,0.0003237562,0.303943,0.392115,0.303943
RG163,low,clipped,0.0001141738,0.323545,0.352909,0.323545
RG164,high,pure,0.0,0.007447,0.496277,0.496277
RG164,high,weighted,0.0019394724,0.000397,0.499802,0.499802
RG164,high,clipped,0.0493196361,0.169038,0.415481,0.415481
RG164,medium,pure,0.0,0.115641,0.44218,0.44218
RG164,medium,weighted,0.0076434269,0.04865,0.475675,0.475675
RG164,medium,clipped,0.011053804,0.226814,0.386593,0.386593
RG164,low,pure,-0.0,0.270357,0.364822,0.364822
RG164,low,weighted,0.0010307039,0.231017,0.384492,0.384492
RG164,low,clipped,0.0005135568,0.299281,0.35036,0.35036
RG165,high,pure,-0.0,0.098391,0.803217,0.098391
RG165,high,weighted,0.0247119684,0.01971,0.944379,0.035911
RG165,high,clipped,0.0386078597,0.227277,0.545447,0.227277
RG165,medium,pure,-0.0,0.252817,0.494367,0.252817
RG165,medium,weighted,0.0071386483,0.176914,0.60881,0.214276
RG165,medium,clipped,0.0024043316,0.287363,0.425275,0.287363
RG165,low,pure,0.0,0.316292,0.367417,0.316292
RG165,low,weighted,0.0003578376,0.297464,0.39206,0.310475
RG165,low,clipped,0.0001141738,0.323545,0.352909,0.323545
RG166,high,pure,0.0,0.098391,0.098391,0.803217
RG166,high,weighted,0.0247119684,0.01971,0.035911,0.944379
RG166,high,clipped,0.0386078597,0.227277,0.227277,0.545447
RG166,medium,pure,0.0,0.252817,0.252817,0.494367
RG166,medium,weighted,0.0071386483,0.176914,0.214276,0.60881
RG166,medium,clipped,0.0024043316,0.287363,0.287363,0.425275
RG166,low,pure,-0.0,0.316292,0.316292,0.367417
RG166,low,weighted,0.0003578376,0.297464,0.310475,0.39206
RG166,low,clipped,0.0001141738,0.323545,0.323545,0.352909
RG167,high,pure,0.0,0.007447,0.496277,0.496277
RG167,high,weighted,0.0019394724,0.000397,0.499802,0.499802
RG167,high,clipped,0.0493196361,0.169038,0.415481,0.415481
RG167,medium,pure,0.0,0.115641,0.44218,0.44218
RG167,medium,weighted,0.0076434269,0.04865,0.475675,0.475675
RG167,medium,clipped,0.011053804,0.226814,0.386593,0.386593
RG167,low,pure,0.0,0.270357,0.364822,0.364822
RG167,low,weighted,0.0010307039,0.231017,0.384492,0.384492
RG167,low,clipped,0.0005135568,0.299281,0.35036,0.35036
RG168,high,pure,0.0,0.098391,0.098391,0.803217
RG168,high,weighted,0.0247119684,0.01971,0.035911,0.944379
RG168,high,clipped,0.0386078597,0.227277,0.227277,0.545447
RG168,medium,pure,0.0,0.252817,0.252817,0.494367
RG168,medium,weighted,0.0071386483,0.176914,0.214276,0.60881
RG168,medium,clipped,0.0024043316,0.287363,0.287363,0.425275
RG168,low,pure,-0.0,0.316292,0.316292,0.367417
RG168,low,weighted,0.0003578376,0.297464,0.310475,0.39206
RG168,low,clipped,0.0001141738,0.323545,0.323545,0.352909
RG169,high,pure,0.0,0.007447,0.496277,0.496277
RG169,high,weighted,0.0019394724,0.000397,0.499802,0.499802
RG169,high,clipped,0.0493196361,0.169038,0.415481,0.415481
RG169,medium,pure,0.0,0.115641,0.44218,0.44218
RG169,medium,weighted,0.0076434269,0.04865,0.475675,0.475675
RG169,medium,clipped,0.011053804,0.226814,0.386593,0.386593
RG169,low,pure,-0.0,0.270357,0.364822,0.364822
RG169,low,weighted,0.0010307039,0.231017,0.384492,0.384492
RG169,low,clipped,0.0005135568,0.299281,0.35036,0.35036
RG170,high,pure,-0.0,0.098391,0.803217,0.098391
RG170,high,weighted,0.0247119684,0.01971,0.944379,0.035911
RG170,high,clipped,0.0386078597,0.227277,0.545447,0.227277
RG170,medium,pure,-0.0,0.252817,0.494367,0.252817
RG170,medium,weighted,0.0071386483,0.176914,0.60881,0.214276
RG170,medium,clipped,0.0024043316,0.287363,0.425275,0.287363
RG170,low,pure,0.0,0.316292,0.367417,0.316292
RG170,low,weighted,0.0003578376,0.297464,0.39206,0.310475
RG170,low,clipped,0.0001141738,0.323545,0.352909,0.323545
RG171,high,pure,0.0,0.098391,0.098391,0.803217
RG171,high,weighted,0.0249987297,0.007218,0.089676,0.903106
RG171,high,clipped,0.0386078597,0.227277,0.227277,0.545447
RG171,medium,pure,0.0,0.252817,0.252817,0.494367
RG171,medium,weighted,0.0133099613,0.126391,0.282624,0.590985
RG171,medium,clipped,0.0024043316,0.287363,0.287363,0.425275
RG171,low,pure,-0.0,0.316292,0.316292,0.367417
RG171,low,weighted,0.000924119,0.277129,0.331717,0.391153
RG171,low,clipped,0.0001141738,0.323545,0.323545,0.352909
RG172,high,pure,0.0,0.098391,0.098391,0.803217
RG172,high,weighted,0.024410277,0.013067,0.052978,0.933955
RG172,high,clipped,0.0386078597,0.227277,0.227277,0.545447
RG172,medium,pure,0.0,0.252817,0.252817,0.494367
RG172,medium,weighted,0.0088005396,0.154466,0.241544,0.603989
RG172,medium,clipped,0.0024043316,0.287363,0.287363,0.425275
RG172,low,pure,-0.0,0.316292,0.316292,0.367417
RG172,low,weighted,0.0005092416,0.288916,0.319266,0.391818
RG172,low,clipped,0.0001141738,0.323545,0.323545,0.352909
RG173,high,pure,-0.0,0.007447,0.496277,0.496277
RG173,high,weighted,0.0019394724,0.000397,0.499802,0.499802
RG173,high,clipped,0.0493196361,0.169038,0.415481,0.415481
RG173,medium,pure,0.0,0.115641,0.44218,0.44218
RG173,medium,weighted,0.0076434269,0.04865,0.475675,0.475675
RG173,medium,clipped,0.011053804,0.226814,0.386593,0.386593
RG173,low,pure,-0.0,0.270357,0.364822,0.364822
RG173,low,weighted,0.0010307039,0.231017,0.384492,0.384492
RG173,low,clipped,0.0005135568,0.299281,0.35036,0.35036
RG174,high,pure,0.0,0.098391,0.803217,0.098391
RG174,high,weighted,0.0248182962,0.026669,0.946662,0.026669
RG174,high,clipped,0.0386078597,0.227277,0.545447,0.227277
RG174,medium,pure,0.0,0.252817,0.494367,0.252817
RG174,medium,weighted,0.0067633444,0.19505,0.609901,0.19505
RG174,medium,clipped,0.0024043316,0.287363,0.425275,0.287363
RG174,low,pure,-0.0,0.316292,0.367417,0.316292
RG174,low,weighted,0.0003237562,0.303943,0.392115,0.303943
RG174,low,clipped,0.0001141738,0.323545,0.352909,0.323545
RG175,high,pure,0.0,0.098391,0.098391,0.803217
RG175,high,weighted,0.0248182962,0.026669,0.026669,0.946662
RG175,high,clipped,0.0386078597,0.227277,0.227277,0.545447
RG175,medium,pure,-0.0,0.252817,0.252817,0.494367
RG175,medium,weighted,0.0067633444,0.19505,0.19505,0.609901
RG175,medium,clipped,0.0024043316,0.287363,0.287363,0.425275
RG175,low,pure,-0.0,0.316292,0.316292,0.367417
RG175,low,weighted,0.0003237562,0.303943,0.303943,0.392115
RG175,low,clipped,0.0001141738,0.323545,0.323545,0.352909
RG176,high,pure,0.0,0.098391,0.803217,0.098391
RG176,high,weighted,0.0248182962,0.026669,0.946662,0.026669
RG176,high,clipped,0.0386078597,0.227277,0.545447,0.227277
RG176,medium,pure,0.0,0.252817,0.494367,0.252817
RG176,medium,weighted,0.0067633444,0.19505,0.609901,0.19505
RG176,medium,clipped,0.0024043316,0.287363,0.425275,0.287363
RG176,low,pure,-0.0,0.316292,0.367417,0.316292
RG176,low,weighted,0.0003237562,0.303943,0.392115,0.303943
RG176,low,clipped,0.0001141738,0.323545,0.352909,0.323545
RG177,high,pure,0.0,0.007447,0.496277,0.496277
RG177,high,weighted,0.0019394724,0.000397,0.499802,0.499802
RG177,high,clipped,0.0493196361,0.169038,0.415481,0.415481
RG177,medium,pure,0.0,0.115641,0.44218,0.44218
RG177,medium,weighted,0.0076434269,0.04865,0.475675,0.475675
RG177,medium,clipped,0.011053804,0.226814,0.386593,0.386593
RG177,low,pure,-0.0,0.270357,0.364822,0.364822
RG177,low,weighted,0.0010307039,0.231017,0.384492,0.384492
RG177,low,clipped,0.0005135568,0.299281,0.35036,0.35036
RG178,high,pure,0.0,0.007447,0.496277,0.496277
RG178,high,weighted,0.0019394724,0.000397,0.499802,0.499802
RG178,high,clipped,0.0493196361,0.169038,0.415481,0.415481
RG178,medium,pure,0.0,0.115641,0.44218,0.44218
RG178,medium,weighted,0.0076434269,0.04865,0.475675,0.475675
RG178,medium,clipped,0.011053804,0.226814,0.386593,0.386593
RG178,low,pure,-0.0,0.270357,0.364822,0.364822
RG178,low,weighted,0.0010307039,0.231017,0.384492,0.384492
RG178,low,clipped,0.0005135568,0.299281,0.35036,0.35036
RG179,high,pure,0.0,0.098391,0.098391,0.803217
RG179,high,weighted,0.0247119684,0.01971,0.035911,0.944379
RG179,high,clipped,0.0386078597,0.227277,0.227277,0.545447
RG179,medium,pure,0.0,0.252817,0.252817,0.494367
RG179,medium,weighted,0.0071386483,0.176914,0.214276,0.60881
RG179,medium,clipped,0.0024043316,0.287363,0.287363,0.425275
RG179,low,pure,-0.0,0.316292,0.316292,0.367417
RG179,low,weighted,0.0003578376,0.297464,0.310475,0.39206
RG179,low,clipped,0.0001141738,0.323545,0.323545,0.352909
RG180,high,pure,-0.0,0.098391,0.803217,0.098391
RG180,high,weighted,0.0247119684,0.01971,0.944379,0.035911
RG180,high,clipped,0.0386078597,0.227277,0.545447,0.227277
RG180,medium,pure,0.0,0.252817,0.494367,0.252817
RG180,medium,weighted,0.0071386483,0.176914,0.60881,0.214276
RG180,medium,clipped,0.0024043316,0.287363,0.425275,0.287363
RG180,low,pure,0.0,0.316292,0.367417,0.316292
RG180,low,weighted,0.0003578376,0.297464,0.39206,0.310475
RG180,low,clipped,0.0001141738,0.323545,0.352909,0.323545
RG181,high,pure,0.0,0.007447,0.496277,0.496277
RG181,high,weighted,0.0019394724,0.000397,0.499802,0.499802
RG181,high,clipped,0.0493196361,0.169038,0.415481,0.415481
RG181,medium,pure,0.0,0.115641,0.44218,0.44218
RG181,medium,weighted,0.0076434269,0.04865,0.475675,0.475675
RG181,medium,clipped,0.011053804,0.226814,0.386593,0.386593
RG181,low,pure,-0.0,0.270357,0.364822,0.364822
RG181,low,weighted,0.0010307039,0.231017,0.384492,0.384492
RG181,low,clipped,0.0005135568,0.299281,0.35036,0.35036
RG182,high,pure,0.0,0.098391,0.803217,0.098391
RG182,high,weighted,0.024410277,0.013067,0.933955,0.052978
RG182,high,clipped,0.0386078597,0.227277,0.545447,0.227277
RG182,medium,pure,-0.0,0.252817,0.494367,0.252817
RG182,medium,weighted,0.0088005396,0.154466,0.603989,0.241544
RG182,medium,clipped,0.0024043316,0.287363,0.425275,0.287363
RG182,low,pure,0.0,0.316292,0.367417,0.316292
RG182,low,weighted,0.0005092416,0.288916,0.391818,0.319266
RG182,low,clipped,0.0001141738,0.323545,0.352909,0.323545
RG183,high,pure,0.0,0.007447,0.496277,0.496277
RG183,high,weighted,0.0019394724,0.000397,0.499802,0.499802
RG183,high,clipped,0.0493196361,0.169038,0.415481,0.415481
RG183,medium,pure,0.0,0.115641,0.44218,0.44218
RG183,medium,weighted,0.0076434269,0.04865,0.475675,0.475675
RG183,medium,clipped,0.011053804,0.226814,0.386593,0.386593
RG183,low,pure,-0.0,0.270357,0.364822,0.364822
RG183,low,weighted,0.0010307039,0.231017,0.384492,0.384492
RG183,low,clipped,0.0005135568,0.299281,0.35036,0.35036
RG184,high,pure,0.0,0.098391,0.098391,0.803217
RG184,high,weighted,0.024410277,0.013067,0.052978,0.933955
RG184,high,clipped,0.0386078597,0.227277,0.227277,0.545447
RG184,medium,pure,-0.0,0.252817,0.252817,0.494367
RG184,medium,weighted,0.0088005396,0.154466,0.241544,0.603989
RG184,medium,clipped,0.0024043316,0.287363,0.287363,0.425275
RG184,low,pure,-0.0,0.316292,0.316292,0.367417
RG184,low,weighted,0.0005092416,0.288916,0.319266,0.391818
RG184,low,clipped,0.0001141738,0.323545,0.323545,0.352909
RG185,high,pure,0.0,0.098391,0.803217,0.098391
RG185,high,weighted,0.0249987297,0.007218,0.903106,0.089676
RG185,high,clipped,0.0386078597,0.227277,0.545447,0.227277
RG185,medium,pure,0.0,0.252817,0.494367,0.252817
RG185,medium,weighted,0.0133099613,0.126391,0.590985,0.282624
RG185,medium,clipped,0.0024043316,0.287363,0.425275,0.287363
RG185,low,pure,-0.0,0.316292,0.367417,0.316292
RG185,low,weighted,0.000924119,0.277129,0.391153,0.331717
RG185,low,clipped,0.0001141738,0.323545,0.352909,0.323545
RG186,high,pure,0.0,0.098391,0.803217,0.098391
RG186,high,weighted,0.0249987297,0.007218,0.903106,0.089676
RG186,high,clipped,0.0386078597,0.227277,0.545447,0.227277
RG186,medium,pure,-0.0,0.252817,0.494367,0.252817
RG186,medium,weighted,0.0133099613,0.126391,0.590985,0.282624
RG186,medium,clipped,0.0024043316,0.287363,0.425275,0.287363
RG186,low,pure,-0.0,0.316292,0.367417,0.316292
RG186,low,weighted,0.000924119,0.277129,0.391153,0.331717
RG186,low,clipped,0.0001141738,0.323545,0.352909,0.323545
RG187,high,pure,0.0,0.098391,0.803217,0.098391
RG187,high,weighted,0.0248182962,0.026669,0.946662,0.026669
RG187,high,clipped,0.0386078597,0.227277,0.545447,0.227277
RG187,medium,pure,0.0,0.252817,0.494367,0.252817
RG187,medium,weighted,0.0067633444,0.19505,0.609901,0.19505
RG187,medium,clipped,0.0024043316,0.287363,0.425275,0.287363
RG187,low,pure,0.0,0.316292,0.367417,0.316292
RG187,low,weighted,0.0003237562,0.303943,0.392115,0.303943
RG187,low,clipped,0.0001141738,0.323545,0.352909,0.323545
RG188,high,pure,-0.0,0.098391,0.803217,0.098391
RG188,high,weighted,0.0248182962,0.026669,0.946662,0.026669
RG188,high,clipped,0.0386078597,0.227277,0.545447,0.227277
RG188,medium,pure,-0.0,0.252817,0.494367,0.252817
RG188,medium,weighted,0.0067633444,0.19505,0.609901,0.19505
RG188,medium,clipped,0.0024043316,0.287363,0.425275,0.287363
RG188,low,pure,-0.0,0.316292,0.367417,0.316292
RG188,low,weighted,0.0003237562,0.303943,0.392115,0.303943
RG188,low,clipped,0.0001141738,0.323545,0.352909,0.323545
RG189,high,pure,0.0,0.098391,0.098391,0.803217
RG189,high,weighted,0.0248182962,0.026669,0.026669,0.946662
RG189,high,clipped,0.0386078597,0.227277,0.227277,0.545447
RG189,medium,pure,0.0,0.252817,0.252817,0.494367
RG189,medium,weighted,0.0067633444,0.19505,0.19505,0.609901
RG189,medium,clipped,0.0024043316,0.287363,0.287363,0.425275
RG189,low,pure,-0.0,0.316292,0.316292,0.367417
RG189,low,weighted,0.0003237562,0.303943,0.303943,0.392115
RG189,low,clipped,0.0001141738,0.323545,0.323545,0.352909
RG190,high,pure,0.0,0.098391,0.803217,0.098391
RG190,high,weighted,0.0248182962,0.026669,0.946662,0.026669
RG190,high,clipped,0.0386078597,0.227277,0.545447,0.227277
RG190,medium,pure,-0.0,0.252817,0.494367,0.252817
RG190,medium,weighted,0.0067633444,0.19505,0.609901,0.19505
RG190,medium,clipped,0.0024043316,0.287363,0.425275,0.287363
RG190,low,pure,0.0,0.316292,0.367417,0.316292
RG190,low,weighted,0.0003237562,0.303943,0.392115,0.303943
RG190,low,clipped,0.0001141738,0.323545,0.352909,0.323545
RG191,high,pure,-0.0,0.098391,0.803217,0.098391
RG191,high,weighted,0.0248182962,0.026669,0.946662,0.026669
RG191,high,clipped,0.0386078597,0.227277,0.545447,0.227277
RG191,medium,pure,-0.0,0.252817,0.494367,0.252817
RG191,medium,weighted,0.0067633444,0.19505,0.609901,0.19505
RG191,medium,clipped,0.0024043316,0.287363,0.425275,0.287363
RG191,low,pure,-0.0,0.316292,0.367417,0.316292
RG191,low,weighted,0.0003237562,0.303943,0.392115,0.303943
RG191,low,clipped,0.0001141738,0.323545,0.352909,0.323545
RG192,high,pure,0.0,0.098391,0.803217,0.098391
RG192,high,weighted,0.0248182962,0.026669,0.946662,0.026669
RG192,high,clipped,0.0386078597,0.227277,0.545447,0.227277
RG192,medium,pure,0.0,0.252817,0.494367,0.252817
RG192,medium,weighted,0.0067633444,0.19505,0.609901,0.19505
RG192,medium,clipped,0.0024043316,0.287363,0.425275,0.287363
RG192,low,pure,-0.0,0.316292,0.367417,0.316292
RG192,low,weighted,0.0003237562,0.303943,0.392115,0.303943
RG192,low,clipped,0.0001141738,0.323545,0.352909,0.323545
RG193,high,pure,0.0,0.098391,0.803217,0.098391
RG193,high,weighted,0.0246232073,0.017441,0.942166,0.040394
RG193,high,clipped,0.0386078597,0.227277,0.545447,0.227277
RG193,medium,pure,0.0,0.252817,0.494367,0.252817
RG193,medium,weighted,0.0074984627,0.16997,0.607765,0.222265
RG193,medium,clipped,0.0024043316,0.287363,0.425275,0.287363
RG193,low,pure,-0.0,0.316292,0.367417,0.316292
RG193,low,weighted,0.0003905503,0.294889,0.392008,0.313103
RG193,low,clipped,0.0001141738,0.323545,0.352909,0.323545
RG194,high,pure,0.0,0.098391,0.803217,0.098391
RG194,high,weighted,0.0246232073,0.017441,0.942166,0.040394
RG194,high,clipped,0.0386078597,0.227277,0.545447,0.227277
RG194,medium,pure,-0.0,0.252817,0.494367,0.252817
RG194,medium,weighted,0.0074984627,0.16997,0.607765,0.222265
RG194,medium,clipped,0.0024043316,0.287363,0.425275,0.287363
RG194,low,pure,-0.0,0.316292,0.367417,0.316292
RG194,low,weighted,0.0003905503,0.294889,0.392008,0.313103
RG194,low,clipped,0.0001141738,0.323545,0.352909,0.323545
RG195,high,pure,0.0,0.098391,0.098391,0.803217
RG195,high,weighted,0.0246232073,0.017441,0.040394,0.942166
RG195,high,clipped,0.0386078597,0.227277,0.227277,0.545447
RG195,medium,pure,-0.0,0.252817,0.252817,0.494367
RG195,medium,weighted,0.0074984627,0.16997,0.222265,0.607765
RG195,medium,clipped,0.0024043316,0.287363,0.287363,0.425275
RG195,low,pure,-0.0,0.316292,0.316292,0.367417
RG195,low,weighted,0.0003905503,0.294889,0.313103,0.392008
RG195,low,clipped,0.0001141738,0.323545,0.323545,0.352909
RG196,high,pure,0.0,0.098391,0.098391,0.803217
RG196,high,weighted,0.0246232073,0.017441,0.040394,0.942166
RG196,high,clipped,0.0386078597,0.227277,0.227277,0.545447
RG196,medium,pure,0.0,0.252817,0.252817,0.494367
RG196,medium,weighted,0.0074984627,0.16997,0.222265,0.607765
RG196,medium,clipped,0.0024043316,0.287363,0.287363,0.425275
RG196,low,pure,-0.0,0.316292,0.316292,0.367417
RG196,low,weighted,0.0003905503,0.294889,0.313103,0.392008
RG196,low,clipped,0.0001141738,0.323545,0.323545,0.352909
RG197,high,pure,0.0,0.098391,0.098391,0.803217
RG197,high,weighted,0.0246232073,0.017441,0.040394,0.942166
RG197,high,clipped,0.0386078597,0.227277,0.227277,0.545447
RG197,medium,pure,0.0,0.252817,0.252817,0.494367
RG197,medium,weighted,0.0074984627,0.16997,0.222265,0.607765
RG197,medium,clipped,0.0024043316,0.287363,0.287363,0.425275
RG197,low,pure,-0.0,0.316292,0.316292,0.367417
RG197,low,weighted,0.0003905503,0.294889,0.313103,0.392008
RG197,low,clipped,0.0001141738,0.323545,0.323545,0.352909
RG198,high,pure,0.0,0.098391,0.098391,0.803217
RG198,high,weighted,0.0246232073,0.017441,0.040394,0.942166
RG198,high,clipped,0.0386078597,0.227277,0.227277,0.545447
RG198,medium,pure,0.0,0.252817,0.252817,0.494367
RG198,medium,weighted,0.0074984627,0.16997,0.222265,0.607765
RG198,medium,clipped,0.0024043316,0.287363,0.287363,0.425275
RG198,low,pure,-0.0,0.316292,0.316292,0.367417
RG198,low,weighted,0.0003905503,0.294889,0.313103,0.392008
RG198,low,clipped,0.0001141738,0.323545,0.323545,0.352909
RG199,high,pure,0.0,0.098391,0.098391,0.803217
RG199,high,weighted,0.0248182962,0.026669,0.026669,0.946662
RG199,high,clipped,0.0386078597,0.227277,0.227277,0.545447
RG199,medium,pure,0.0,0.252817,0.252817,0.494367
RG199,medium,weighted,0.0067633444,0.19505,0.19505,0.609901
RG199,medium,clipped,0.0024043316,0.287363,0.287363,0.425275
RG199,low,pure,-0.0,0.316292,0.316292,0.367417
RG199,low,weighted,0.0003237562,0.303943,0.303943,0.392115
RG199,low,clipped,0.0001141738,0.323545,0.323545,0.352909
RG200,high,pure,0.0,0.098391,0.803217,0.098391
RG200,high,weighted,0.0248182962,0.026669,0.946662,0.026669
RG200,high,clipped,0.0386078597,0.227277,0.545447,0.227277
RG200,medium,pure,0.0,0.252817,0.494367,0.252817
RG200,medium,weighted,0.0067633444,0.19505,0.609901,0.19505
RG200,medium,clipped,0.0024043316,0.287363,0.425275,0.287363
RG200,low,pure,-0.0,0.316292,0.367417,0.316292
RG200,low,weighted,0.0003237562,0.303943,0.392115,0.303943
RG200,low,clipped,0.0001141738,0.323545,0.352909,0.323545
